,Name,Attribute Vector,Percentiles
0,Brenden Aaronson,"[0.04, 0.15, 1.56, 0.11, 0.16, 0.31, 3.6, 30.24, 74.3, 3.26, 1.63, 1.29, 2.73, 5.73, 1.71, 0.19, 1.63, 0.23, 0.3]","[2, 22, 20, 25, 34, 23, 47, 19, 44, 38, 8, 33, 21, 21, 74, 10, 96, 18, 25]"
1,Zakaria Aboukhlal,"[0.36, 0.42, 3.02, 0.18, 0.12, 0.54, 2.91, 28.28, 74.1, 2.62, 3.64, 1.53, 5.46, 10.04, 1.2, 0.8, 0.66, 0.84, 0.44]","[85, 95, 89, 49, 18, 77, 17, 13, 41, 17, 69, 49, 85, 82, 44, 83, 18, 85, 44]"
2,Karim Adeyemi,"[0.41, 0.31, 2.45, 0.26, 0.25, 0.56, 3.88, 28.5, 73.8, 2.86, 3.68, 2.25, 4.44, 8.27, 0.87, 0.46, 1.07, 0.2, 0.56]","[89, 85, 69, 72, 74, 79, 56, 15, 39, 26, 71, 83, 64, 60, 19, 47, 57, 13, 60]"
3,Amine Adli,"[0.34, 0.33, 2.4, 0.15, 0.13, 0.46, 4.16, 37.88, 75.1, 3.13, 3.08, 1.96, 4.4, 9.2, 1.37, 0.39, 1.86, 0.44, 1.96]","[84, 89, 66, 35, 23, 62, 66, 53, 53, 36, 50, 71, 62, 73, 55, 36, 99, 53, 98]"
4,Michel Aebischer,"[0.06, 0.09, 0.88, 0.0, 0.04, 0.12, 2.04, 39.34, 82.6, 2.68, 0.82, 0.35, 1.63, 4.96, 0.7, 0.41, 0.82, 0.53, 0.58]","[6, 1, 1, 1, 1, 1, 2, 60, 92, 21, 1, 1, 1, 14, 9, 40, 36, 61, 62]"
5,Marc Albrighton,"[0.0, 0.04, 0.67, 0.0, 0.19, 0.24, 3.34, 39.05, 62.7, 4.55, 2.27, 1.47, 0.8, 8.43, 2.01, 0.67, 2.41, 1.47, 0.8]","[1, 1, 1, 1, 60, 7, 43, 64, 5, 63, 31, 51, 1, 73, 89, 74, 99, 99, 71]"
6,Carlos Alcaraz,"[0.35, 0.17, 2.1, 0.17, 0.06, 0.23, 1.92, 25.36, 76.6, 2.45, 1.75, 1.14, 2.01, 2.8, 0.87, 0.09, 1.22, 0.96, 0.61]","[84, 29, 47, 47, 1, 8, 1, 6, 59, 14, 10, 27, 6, 1, 20, 1, 72, 90, 63]"
7,Miguel Almirón,"[0.4, 0.29, 2.49, 0.07, 0.12, 0.4, 3.14, 35.48, 82.6, 4.48, 2.78, 1.23, 4.99, 9.54, 1.66, 0.36, 0.9, 0.61, 0.22]","[87, 79, 72, 10, 15, 53, 28, 43, 92, 71, 39, 31, 77, 77, 70, 31, 44, 67, 14]"
8,Felipe Anderson,"[0.27, 0.18, 1.3, 0.11, 0.17, 0.34, 3.29, 42.71, 77.3, 3.61, 2.6, 1.64, 4.11, 7.53, 2.36, 0.87, 1.59, 0.77, 0.4]","[66, 36, 10, 22, 40, 31, 36, 72, 66, 50, 28, 56, 56, 49, 97, 89, 93, 82, 38]"
9,Antony,"[0.22, 0.31, 3.44, 0.07, 0.16, 0.47, 3.77, 40.34, 79.2, 3.77, 4.55, 1.63, 4.1, 9.21, 1.18, 0.52, 0.96, 0.41, 0.33]","[50, 87, 95, 13, 37, 66, 53, 64, 77, 53, 85, 55, 54, 74, 41, 56, 47, 47, 30]"
10,Christopher Antwi-Adjei,"[0.14, 0.1, 1.32, 0.27, 0.17, 0.27, 3.59, 32.35, 60.7, 1.64, 3.04, 1.41, 2.86, 10.49, 1.04, 0.23, 0.77, 0.73, 0.73]","[25, 4, 10, 76, 42, 13, 46, 27, 2, 3, 49, 40, 26, 87, 31, 14, 29, 79, 73]"
11,Houssem Aouar,"[0.17, 0.24, 2.4, 0.17, 0.19, 0.44, 2.57, 63.31, 80.8, 6.33, 2.05, 1.71, 4.79, 6.16, 2.05, 1.37, 2.05, 0.51, 1.03]","[34, 62, 65, 46, 48, 59, 9, 99, 87, 94, 14, 58, 75, 27, 88, 99, 99, 60, 88]"
12,Joe Aribo,"[0.15, 0.11, 1.03, 0.0, 0.06, 0.17, 1.99, 28.31, 72.7, 2.87, 1.4, 1.25, 3.38, 4.71, 2.28, 0.74, 1.03, 0.81, 2.21]","[27, 6, 3, 1, 1, 1, 2, 13, 33, 26, 6, 31, 37, 11, 94, 80, 50, 84, 99]"
13,Adam Armstrong,"[0.13, 0.14, 1.69, 0.07, 0.09, 0.22, 1.62, 20.36, 72.8, 1.08, 2.63, 0.88, 3.1, 4.72, 0.94, 0.34, 1.01, 0.4, 0.34]","[24, 16, 26, 9, 6, 6, 1, 1, 33, 1, 31, 14, 31, 11, 23, 26, 50, 46, 31]"
14,Takuma Asano,"[0.16, 0.29, 2.78, 0.16, 0.11, 0.4, 2.94, 17.97, 69.3, 1.79, 1.68, 0.68, 4.2, 6.25, 0.74, 0.42, 0.89, 0.42, 1.0]","[32, 81, 82, 42, 13, 54, 18, 1, 21, 5, 9, 10, 58, 27, 12, 42, 42, 50, 87]"
15,Marco Asensio,"[0.61, 0.33, 3.57, 0.36, 0.34, 0.67, 4.74, 51.27, 82.2, 4.54, 3.47, 1.22, 4.43, 6.27, 0.87, 0.51, 0.61, 0.36, 0.2]","[99, 90, 96, 92, 93, 92, 82, 87, 91, 72, 63, 29, 64, 28, 18, 55, 14, 37, 12]"
16,Jordan Ayew,"[0.13, 0.11, 1.06, 0.1, 0.11, 0.21, 2.59, 29.02, 77.3, 2.09, 2.75, 2.16, 3.25, 5.77, 2.19, 0.5, 1.16, 1.03, 1.66]","[23, 5, 3, 21, 11, 3, 9, 15, 66, 7, 38, 79, 33, 22, 91, 54, 65, 93, 97]"
17,Leon Bailey,"[0.18, 0.24, 2.33, 0.18, 0.22, 0.46, 2.84, 25.03, 61.6, 1.28, 3.89, 1.83, 4.07, 8.33, 0.64, 0.27, 0.59, 0.55, 1.1]","[38, 63, 65, 50, 63, 63, 14, 5, 3, 1, 76, 63, 53, 60, 6, 19, 13, 63, 90]"
18,Nedim Bajrami,"[0.1, 0.16, 2.25, 0.05, 0.13, 0.3, 3.74, 35.97, 71.8, 3.74, 2.3, 1.48, 2.87, 7.32, 1.02, 0.72, 0.72, 0.51, 0.2]","[15, 28, 57, 8, 24, 18, 51, 46, 29, 52, 21, 46, 26, 45, 28, 76, 24, 60, 13]"
19,Nedim Bajrami,"[0.1, 0.16, 2.25, 0.05, 0.13, 0.3, 3.74, 35.97, 71.8, 3.74, 2.3, 1.48, 2.87, 7.32, 1.02, 0.72, 0.72, 0.51, 0.2]","[15, 28, 57, 8, 24, 18, 51, 46, 29, 52, 21, 46, 26, 45, 28, 76, 24, 60, 13]"
20,Tommaso Baldanzi,"[0.2, 0.12, 1.68, 0.0, 0.09, 0.21, 3.05, 32.86, 82.5, 3.5, 2.9, 1.17, 2.34, 4.77, 1.27, 0.1, 1.07, 0.25, 0.15]","[45, 9, 26, 1, 6, 4, 23, 31, 92, 47, 45, 27, 14, 12, 49, 3, 56, 23, 9]"
21,Jonathan Bamba,"[0.19, 0.27, 2.3, 0.23, 0.21, 0.48, 3.43, 45.44, 80.1, 4.72, 3.59, 1.13, 4.53, 11.16, 1.2, 0.71, 1.16, 0.45, 0.65]","[43, 72, 61, 65, 59, 68, 42, 77, 81, 76, 66, 26, 67, 90, 43, 74, 66, 54, 67]"
22,Lameck Banda,"[0.11, 0.17, 1.98, 0.06, 0.07, 0.25, 2.31, 23.55, 65.0, 1.54, 4.73, 2.64, 4.07, 8.8, 1.65, 0.44, 1.32, 0.28, 0.39]","[18, 32, 41, 8, 4, 9, 4, 3, 10, 2, 87, 90, 52, 67, 69, 44, 78, 26, 37]"
23,Léo Baptistão,"[0.26, 0.26, 2.35, 0.05, 0.06, 0.32, 2.76, 28.16, 66.5, 2.66, 1.98, 0.73, 3.18, 4.33, 1.67, 0.99, 0.89, 0.63, 1.41]","[65, 67, 65, 8, 2, 27, 11, 12, 14, 21, 12, 10, 32, 4, 71, 91, 42, 69, 94]"
24,Bradley Barcola,"[0.31, 0.22, 1.69, 0.5, 0.24, 0.46, 2.44, 29.13, 69.5, 2.44, 3.19, 2.5, 6.75, 9.75, 1.56, 1.19, 1.81, 0.63, 1.0]","[77, 55, 26, 99, 73, 63, 8, 16, 22, 14, 52, 87, 95, 78, 65, 97, 99, 69, 88]"
25,Kike Barja,"[0.07, 0.08, 1.17, 0.41, 0.27, 0.35, 3.36, 33.41, 64.9, 2.4, 4.18, 2.68, 3.77, 12.69, 1.03, 0.27, 0.48, 0.21, 0.55]","[6, 1, 6, 96, 80, 34, 40, 35, 10, 14, 83, 91, 44, 95, 28, 19, 4, 13, 58]"
26,Aymen Barkok,"[0.0, 0.08, 1.7, 0.15, 0.14, 0.22, 2.77, 40.68, 68.6, 6.16, 2.62, 1.39, 2.47, 4.32, 2.77, 0.46, 1.08, 1.39, 2.31]","[1, 1, 27, 39, 29, 5, 12, 65, 18, 94, 30, 37, 18, 4, 99, 48, 58, 97, 99]"
27,Harvey Barnes,"[0.43, 0.3, 2.39, 0.03, 0.1, 0.4, 2.09, 26.09, 69.8, 2.62, 3.32, 0.9, 4.42, 8.53, 0.86, 0.27, 1.06, 0.4, 0.96]","[94, 82, 65, 3, 10, 52, 3, 8, 23, 18, 58, 15, 62, 63, 18, 17, 56, 46, 85]"
28,Musa Barrow,"[0.14, 0.14, 2.98, 0.37, 0.22, 0.35, 3.26, 37.01, 72.3, 2.66, 3.12, 1.1, 2.11, 6.47, 0.96, 0.05, 1.15, 0.32, 0.55]","[25, 14, 86, 94, 60, 37, 34, 50, 32, 21, 52, 25, 8, 30, 24, 1, 64, 32, 58]"
29,Saïd Benrahma,"[0.09, 0.17, 3.0, 0.13, 0.2, 0.37, 4.0, 34.63, 75.0, 3.57, 4.74, 2.22, 4.09, 10.31, 1.09, 0.39, 1.0, 0.57, 0.22]","[11, 31, 87, 28, 52, 38, 62, 39, 51, 49, 88, 81, 54, 84, 35, 36, 49, 66, 15]"
30,Domenico Berardi,"[0.24, 0.25, 3.62, 0.34, 0.32, 0.56, 5.06, 43.84, 67.5, 5.5, 2.75, 1.06, 5.35, 10.27, 1.11, 0.92, 0.63, 0.87, 0.63]","[56, 64, 97, 90, 89, 82, 90, 74, 17, 87, 38, 23, 84, 83, 36, 90, 15, 86, 64]"
31,Álex Berenguer,"[0.16, 0.17, 2.19, 0.04, 0.18, 0.35, 3.84, 37.42, 66.0, 3.02, 2.86, 1.45, 4.58, 9.76, 2.27, 0.39, 1.45, 0.24, 1.37]","[31, 29, 53, 6, 44, 36, 56, 51, 12, 32, 43, 43, 70, 79, 93, 37, 85, 20, 92]"
32,Mitchell van Bergen,"[0.0, 0.22, 2.49, 0.1, 0.27, 0.48, 3.38, 30.13, 67.7, 2.09, 5.07, 1.39, 3.68, 8.85, 1.79, 0.6, 0.8, 1.09, 0.5]","[1, 55, 72, 20, 80, 68, 40, 19, 17, 6, 91, 37, 42, 68, 81, 67, 32, 94, 51]"
33,Ludovic Blas,"[0.21, 0.2, 3.12, 0.21, 0.19, 0.39, 4.08, 37.9, 78.3, 4.64, 3.97, 2.79, 3.38, 7.84, 1.32, 0.59, 0.77, 0.21, 0.65]","[46, 50, 90, 60, 50, 51, 64, 54, 73, 74, 77, 91, 36, 52, 51, 67, 30, 13, 66]"
34,Jeremie Boga,"[0.23, 0.22, 1.5, 0.58, 0.32, 0.54, 6.56, 54.67, 80.2, 6.1, 7.37, 5.52, 4.26, 8.98, 1.04, 0.12, 0.69, 0.12, 0.58]","[53, 55, 17, 99, 91, 77, 99, 92, 83, 94, 99, 99, 59, 68, 29, 3, 20, 7, 62]"
35,Erik Botheim,"[0.1, 0.06, 0.73, 0.31, 0.19, 0.24, 1.77, 24.01, 71.4, 2.18, 1.14, 0.21, 2.39, 6.34, 1.14, 0.0, 0.31, 0.42, 2.08]","[17, 1, 1, 86, 47, 8, 1, 3, 27, 8, 3, 1, 14, 29, 39, 1, 1, 50, 99]"
36,Badredine Bouanani,"[0.0, 0.18, 2.5, 0.42, 0.37, 0.54, 4.69, 39.42, 76.2, 3.23, 4.9, 2.82, 3.65, 10.22, 1.36, 0.1, 0.42, 0.21, 0.1]","[1, 35, 73, 96, 96, 77, 81, 60, 57, 38, 90, 92, 42, 83, 53, 3, 4, 14, 7]"
37,Sofiane Boufal,"[0.22, 0.23, 2.27, 0.32, 0.31, 0.54, 5.61, 52.55, 76.0, 6.04, 5.29, 4.21, 4.1, 10.14, 1.51, 0.54, 0.65, 0.11, 0.11]","[49, 58, 58, 88, 88, 77, 96, 88, 56, 94, 93, 99, 54, 83, 60, 61, 17, 6, 7]"
38,Jarrod Bowen,"[0.14, 0.22, 2.03, 0.14, 0.21, 0.42, 3.01, 24.53, 62.7, 2.0, 2.84, 1.0, 4.37, 5.93, 1.09, 1.0, 1.31, 0.7, 0.95]","[26, 54, 42, 32, 56, 58, 22, 3, 5, 6, 42, 19, 60, 26, 34, 91, 77, 75, 84]"
39,Bilal Brahimi,"[0.34, 0.11, 2.25, 0.23, 0.19, 0.32, 3.6, 43.76, 72.0, 1.8, 4.61, 2.03, 3.04, 11.25, 0.9, 0.45, 0.45, 0.0, 0.23]","[82, 7, 57, 65, 51, 24, 47, 73, 31, 5, 86, 76, 31, 91, 21, 45, 4, 1, 16]"
40,Julian Brandt,"[0.31, 0.19, 1.69, 0.28, 0.32, 0.51, 4.79, 50.59, 77.5, 4.64, 2.69, 1.6, 2.94, 7.71, 1.13, 0.53, 0.88, 0.41, 0.41]","[77, 43, 26, 82, 90, 74, 83, 86, 68, 73, 33, 54, 30, 51, 38, 60, 41, 48, 39]"
41,Josip Brekalo,"[0.0, 0.14, 1.26, 0.18, 0.16, 0.31, 4.14, 44.64, 72.2, 5.58, 3.6, 1.98, 1.98, 8.64, 0.72, 0.54, 0.18, 0.54, 0.0]","[1, 19, 6, 47, 36, 23, 64, 76, 32, 90, 66, 73, 6, 65, 11, 61, 1, 62, 1]"
42,Josip Brekalo,"[0.0, 0.14, 1.26, 0.18, 0.16, 0.31, 4.14, 44.64, 72.2, 5.58, 3.6, 1.98, 1.98, 8.64, 0.72, 0.54, 0.18, 0.54, 0.0]","[1, 19, 6, 47, 36, 23, 64, 76, 32, 90, 66, 73, 6, 65, 11, 61, 1, 62, 1]"
43,Bryan,"[0.12, 0.19, 1.52, 0.23, 0.09, 0.28, 2.81, 35.77, 76.3, 2.69, 2.92, 1.81, 2.63, 8.18, 1.93, 0.94, 1.05, 0.76, 0.29]","[19, 45, 18, 68, 6, 14, 13, 45, 58, 22, 45, 62, 19, 59, 86, 90, 53, 81, 23]"
44,Bryan,"[0.12, 0.19, 1.52, 0.23, 0.09, 0.28, 2.81, 35.77, 76.3, 2.69, 2.92, 1.81, 2.63, 8.18, 1.93, 0.94, 1.05, 0.76, 0.29]","[19, 45, 18, 68, 6, 14, 13, 45, 58, 22, 45, 62, 19, 59, 86, 90, 53, 81, 23]"
45,Emi Buendía,"[0.19, 0.24, 1.83, 0.07, 0.21, 0.45, 3.36, 38.06, 77.2, 5.15, 2.24, 1.01, 3.47, 5.11, 1.94, 0.75, 0.75, 0.63, 0.86]","[39, 59, 36, 13, 60, 60, 38, 55, 64, 82, 18, 20, 38, 14, 87, 82, 26, 69, 80]"
46,Marius Bülter,"[0.24, 0.21, 2.22, 0.03, 0.16, 0.37, 3.15, 26.4, 57.6, 2.98, 2.7, 1.11, 4.71, 6.89, 0.76, 0.35, 1.18, 0.69, 1.49]","[57, 52, 55, 4, 34, 41, 28, 8, 1, 31, 35, 26, 74, 36, 13, 28, 67, 74, 94]"
47,Cristian Buonaiuto,"[0.0, 0.23, 3.86, 0.0, 0.17, 0.39, 5.51, 42.7, 65.4, 3.58, 3.21, 1.84, 4.5, 8.17, 2.3, 1.29, 1.01, 0.64, 0.55]","[1, 58, 99, 1, 38, 49, 94, 72, 11, 49, 53, 64, 67, 59, 95, 99, 50, 70, 58]"
48,Facundo Buonanotte,"[0.16, 0.22, 1.75, 0.16, 0.08, 0.3, 2.23, 30.9, 80.9, 2.07, 1.43, 1.12, 3.03, 6.69, 0.32, 0.64, 0.8, 0.48, 0.32]","[32, 57, 33, 42, 4, 20, 4, 22, 87, 6, 6, 26, 31, 33, 1, 69, 32, 57, 29]"
49,Jonathan Burkardt,"[0.17, 0.37, 3.38, 0.34, 0.19, 0.56, 3.38, 18.41, 65.1, 2.36, 1.52, 1.86, 6.25, 7.77, 0.51, 0.17, 1.01, 0.17, 1.35]","[34, 94, 94, 91, 47, 80, 40, 1, 11, 13, 6, 65, 93, 51, 2, 6, 50, 12, 92]"
50,Oliver Burke,"[0.23, 0.29, 2.58, 0.23, 0.09, 0.38, 2.11, 34.5, 66.0, 1.53, 2.23, 0.82, 4.69, 6.69, 0.94, 0.47, 1.76, 0.47, 5.28]","[63, 83, 72, 75, 12, 52, 8, 46, 12, 5, 29, 17, 83, 41, 26, 46, 98, 46, 99]"
51,Jamie Bynoe-Gittens,"[0.47, 0.38, 3.78, 0.16, 0.11, 0.49, 3.3, 24.23, 72.7, 1.57, 3.78, 3.15, 5.82, 6.45, 1.26, 0.16, 0.31, 0.47, 1.42]","[95, 94, 99, 42, 13, 71, 36, 3, 33, 2, 75, 97, 88, 29, 48, 5, 1, 56, 94]"
52,Rémy Cabella,"[0.25, 0.3, 1.5, 0.36, 0.38, 0.68, 6.45, 62.88, 79.2, 8.2, 4.03, 1.43, 4.85, 8.63, 2.28, 0.61, 1.46, 0.25, 0.32]","[62, 83, 17, 92, 97, 94, 99, 98, 77, 97, 79, 42, 75, 64, 95, 67, 87, 22, 29]"
53,Tom Cairney,"[0.18, 0.14, 1.91, 0.0, 0.13, 0.26, 4.1, 68.32, 84.3, 8.38, 3.1, 0.82, 2.82, 5.19, 1.55, 0.46, 1.64, 0.27, 0.73]","[38, 14, 40, 1, 22, 10, 64, 99, 95, 99, 51, 14, 24, 15, 64, 46, 96, 26, 73]"
54,Sergio Canales,"[0.16, 0.14, 1.72, 0.09, 0.22, 0.37, 4.15, 59.05, 77.7, 5.9, 3.21, 1.03, 2.03, 5.52, 0.94, 0.53, 0.66, 0.28, 0.47]","[30, 15, 28, 18, 65, 38, 64, 96, 70, 92, 53, 22, 6, 18, 23, 59, 18, 28, 50]"
55,Matteo Cancellieri,"[0.0, 0.17, 2.06, 0.0, 0.08, 0.24, 1.88, 26.25, 72.1, 1.13, 3.56, 1.69, 5.25, 9.0, 3.75, 0.38, 1.31, 0.56, 1.13]","[1, 31, 45, 1, 4, 8, 1, 8, 32, 1, 65, 58, 83, 69, 99, 34, 78, 65, 90]"
56,Antonio Candreva,"[0.23, 0.12, 1.52, 0.13, 0.16, 0.27, 3.27, 52.73, 72.9, 4.46, 2.34, 0.26, 1.52, 5.65, 0.56, 0.56, 0.23, 1.06, 0.07]","[53, 9, 18, 29, 32, 14, 35, 89, 33, 70, 22, 1, 1, 21, 4, 63, 1, 94, 3]"
57,Gianluca Caprari,"[0.15, 0.15, 1.84, 0.07, 0.09, 0.25, 2.88, 39.89, 78.8, 3.39, 3.69, 1.47, 3.8, 6.93, 0.59, 0.3, 0.81, 0.11, 0.22]","[28, 25, 38, 12, 7, 8, 16, 62, 74, 41, 72, 44, 44, 38, 5, 21, 34, 6, 15]"
58,Samu Castillejo,"[0.26, 0.19, 2.44, 0.0, 0.2, 0.39, 4.16, 41.1, 76.2, 5.02, 3.57, 1.52, 3.24, 7.6, 1.39, 0.59, 1.39, 0.13, 0.46]","[65, 45, 69, 1, 53, 49, 66, 70, 57, 82, 65, 47, 32, 49, 57, 67, 82, 9, 47]"
59,Yoann Cathline,"[0.08, 0.12, 2.15, 0.08, 0.06, 0.18, 2.23, 29.81, 66.8, 2.39, 3.8, 1.9, 2.39, 8.75, 1.57, 0.66, 0.83, 1.32, 0.17]","[9, 10, 49, 15, 1, 1, 4, 17, 16, 13, 76, 66, 14, 65, 65, 72, 38, 96, 10]"
60,Emil Ceide,"[0.0, 0.14, 1.75, 0.17, 0.23, 0.37, 3.32, 29.53, 72.8, 3.32, 6.47, 1.4, 6.82, 8.21, 0.87, 0.17, 0.52, 0.0, 0.17]","[1, 15, 32, 47, 65, 39, 36, 17, 33, 40, 99, 38, 96, 60, 20, 6, 6, 1, 12]"
61,Julio César Enciso,"[0.45, 0.45, 4.24, 0.22, 0.19, 0.64, 5.02, 28.81, 69.4, 3.46, 4.35, 3.46, 5.47, 8.26, 1.45, 0.45, 1.01, 0.22, 0.67]","[95, 96, 99, 64, 49, 91, 88, 15, 22, 45, 83, 99, 85, 60, 58, 45, 50, 17, 69]"
62,Fares Chaïbi,"[0.19, 0.23, 2.42, 0.19, 0.19, 0.42, 2.77, 39.15, 72.9, 3.88, 2.73, 0.46, 3.31, 8.15, 1.19, 0.73, 1.46, 1.38, 1.15]","[42, 58, 68, 53, 49, 56, 11, 60, 33, 56, 36, 3, 35, 58, 42, 78, 87, 97, 90]"
63,Rayan Cherki,"[0.19, 0.24, 2.93, 0.29, 0.35, 0.58, 6.15, 52.6, 77.1, 6.92, 6.39, 3.8, 6.78, 12.5, 0.67, 0.24, 0.29, 0.05, 0.1]","[42, 60, 85, 84, 95, 85, 97, 89, 63, 95, 98, 99, 96, 95, 8, 15, 1, 3, 7]"
64,Federico Chiesa,"[0.21, 0.17, 2.62, 0.42, 0.28, 0.44, 4.1, 34.15, 73.3, 3.32, 4.52, 2.26, 4.81, 9.05, 1.98, 0.14, 1.27, 0.14, 0.35]","[48, 32, 80, 96, 81, 58, 64, 38, 35, 40, 85, 84, 75, 71, 87, 4, 75, 11, 34]"
65,Ryan Christie,"[0.05, 0.14, 1.62, 0.05, 0.12, 0.25, 3.24, 31.95, 80.0, 3.48, 1.91, 1.82, 2.99, 3.48, 1.67, 1.28, 0.79, 0.98, 0.79]","[4, 14, 21, 7, 16, 9, 32, 24, 80, 45, 12, 62, 30, 1, 71, 98, 31, 91, 76]"
66,Samuel Chukwueze,"[0.23, 0.25, 2.31, 0.19, 0.17, 0.42, 4.23, 34.94, 76.8, 3.27, 5.12, 3.31, 5.5, 10.04, 0.54, 0.46, 0.5, 0.62, 0.54]","[53, 67, 63, 54, 38, 55, 69, 41, 60, 39, 91, 97, 86, 81, 3, 48, 5, 68, 56]"
67,Alexis Claude-Maurice,"[0.67, 0.39, 2.16, 0.4, 0.18, 0.57, 2.43, 35.7, 83.4, 3.64, 1.48, 1.62, 3.64, 5.93, 2.29, 0.54, 0.81, 0.27, 0.81]","[99, 94, 49, 96, 43, 83, 8, 44, 94, 50, 6, 55, 42, 24, 95, 61, 34, 26, 78]"
68,Alexis Claude-Maurice,"[0.67, 0.39, 2.16, 0.4, 0.18, 0.57, 2.43, 35.7, 83.4, 3.64, 1.48, 1.62, 3.64, 5.93, 2.29, 0.54, 0.81, 0.27, 0.81]","[99, 94, 49, 96, 43, 83, 8, 44, 94, 50, 6, 55, 42, 24, 95, 61, 34, 26, 78]"
69,Marcus Coco,"[0.12, 0.13, 0.94, 0.0, 0.13, 0.26, 2.48, 35.15, 74.2, 3.42, 3.3, 0.94, 2.95, 7.31, 3.18, 1.65, 1.65, 0.94, 2.12]","[19, 13, 2, 1, 22, 10, 9, 41, 43, 43, 56, 17, 30, 45, 99, 99, 97, 90, 99]"
70,Andrea Colpani,"[0.38, 0.2, 2.37, 0.09, 0.18, 0.39, 3.61, 38.83, 78.0, 4.84, 2.94, 1.9, 2.94, 6.55, 1.33, 0.28, 1.33, 0.57, 0.57]","[85, 47, 65, 19, 45, 49, 48, 59, 71, 78, 46, 65, 29, 32, 51, 20, 79, 66, 61]"
71,Kingsley Coman,"[0.42, 0.26, 2.92, 0.28, 0.33, 0.59, 5.38, 50.61, 79.1, 4.68, 6.21, 2.97, 5.98, 18.26, 1.02, 0.19, 1.34, 0.37, 0.79]","[92, 70, 85, 79, 92, 88, 92, 87, 76, 74, 96, 93, 91, 99, 27, 9, 79, 38, 77]"
72,David Pereira da Costa,"[0.06, 0.18, 1.66, 0.19, 0.26, 0.44, 4.03, 48.68, 80.8, 7.48, 3.9, 1.73, 2.88, 8.51, 0.83, 0.7, 1.22, 0.38, 0.19]","[6, 37, 24, 53, 79, 59, 62, 85, 87, 97, 76, 59, 27, 63, 17, 74, 71, 42, 12]"
73,Philippe Coutinho,"[0.11, 0.16, 2.4, 0.0, 0.06, 0.21, 2.74, 43.86, 75.0, 5.48, 2.06, 1.6, 2.74, 7.77, 2.17, 0.46, 1.26, 0.23, 0.34]","[18, 26, 66, 1, 1, 3, 11, 74, 51, 86, 15, 55, 22, 51, 91, 46, 74, 18, 32]"
74,Mickaël Cuisance,"[0.0, 0.07, 1.46, 0.0, 0.1, 0.17, 1.75, 32.48, 78.9, 3.35, 1.6, 1.17, 1.6, 4.51, 1.89, 0.73, 1.46, 0.58, 0.73]","[1, 1, 14, 1, 10, 1, 1, 29, 75, 40, 7, 27, 1, 7, 84, 78, 86, 66, 73]"
75,Charles De Ketelaere,"[0.0, 0.17, 1.53, 0.07, 0.13, 0.3, 3.27, 30.53, 76.9, 4.4, 3.47, 2.47, 4.6, 5.6, 1.87, 0.47, 1.4, 0.6, 1.4]","[1, 33, 18, 9, 26, 19, 34, 21, 61, 69, 64, 87, 71, 19, 84, 50, 82, 67, 93]"
76,Romain Del Castillo,"[0.06, 0.15, 1.96, 0.38, 0.27, 0.41, 4.3, 42.59, 66.6, 4.75, 2.97, 1.77, 2.85, 7.91, 2.47, 0.7, 0.89, 0.32, 1.14]","[6, 20, 40, 94, 80, 55, 71, 72, 14, 76, 47, 61, 24, 53, 99, 73, 42, 31, 90]"
77,Ousmane Dembélé,"[0.3, 0.25, 2.91, 0.44, 0.32, 0.56, 5.58, 54.95, 73.5, 4.94, 7.9, 3.11, 5.92, 13.63, 1.48, 0.1, 0.54, 0.1, 0.3]","[72, 65, 84, 97, 88, 81, 95, 92, 38, 81, 99, 96, 90, 97, 59, 2, 9, 5, 23]"
78,Siriki Dembélé,"[0.0, 0.09, 1.31, 0.0, 0.22, 0.32, 4.85, 26.89, 79.9, 2.43, 3.55, 4.67, 2.99, 7.47, 2.43, 0.37, 0.56, 0.56, 0.37]","[1, 2, 10, 1, 65, 24, 86, 10, 80, 14, 65, 99, 30, 46, 99, 34, 11, 65, 36]"
79,Siriki Dembélé,"[0.0, 0.09, 1.31, 0.0, 0.22, 0.32, 4.85, 26.89, 79.9, 2.43, 3.55, 4.67, 2.99, 7.47, 2.43, 0.37, 0.56, 0.56, 0.37]","[1, 2, 10, 1, 65, 24, 86, 10, 80, 14, 65, 99, 30, 46, 99, 34, 11, 65, 36]"
80,Ermedin Demirović,"[0.27, 0.26, 2.4, 0.15, 0.13, 0.39, 2.17, 20.27, 50.3, 1.83, 0.99, 0.72, 4.64, 4.56, 1.18, 0.53, 1.18, 1.41, 2.51]","[66, 69, 65, 38, 25, 50, 3, 1, 1, 5, 1, 10, 72, 9, 40, 60, 68, 97, 99]"
81,Emmanuel Dennis,"[0.25, 0.24, 2.63, 0.25, 0.08, 0.3, 3.13, 22.88, 67.8, 2.13, 3.0, 2.25, 5.0, 7.88, 2.13, 0.25, 1.63, 0.75, 1.63]","[62, 60, 80, 72, 4, 19, 26, 2, 17, 8, 47, 83, 78, 53, 90, 16, 96, 80, 95]"
82,Federico Di Francesco,"[0.09, 0.15, 1.73, 0.09, 0.12, 0.27, 2.17, 22.64, 66.5, 2.66, 2.22, 0.75, 3.63, 7.84, 1.24, 0.35, 0.71, 0.62, 0.31]","[12, 21, 31, 17, 18, 12, 3, 2, 14, 21, 18, 11, 41, 51, 46, 29, 21, 69, 27]"
83,Moussa Diaby,"[0.33, 0.35, 2.79, 0.24, 0.24, 0.59, 3.41, 34.27, 74.6, 3.41, 4.04, 1.77, 4.47, 8.43, 0.43, 0.14, 0.41, 0.07, 0.07]","[81, 92, 83, 69, 68, 87, 41, 38, 50, 43, 80, 60, 66, 62, 1, 4, 3, 3, 4]"
84,Stéphane Diarra,"[0.17, 0.19, 1.69, 0.0, 0.14, 0.34, 2.96, 27.69, 73.2, 2.79, 3.38, 2.03, 3.38, 7.18, 2.11, 1.86, 1.1, 0.76, 0.42]","[34, 41, 26, 1, 30, 29, 18, 11, 35, 24, 60, 76, 36, 43, 90, 99, 58, 81, 40]"
85,Brahim Díaz,"[0.25, 0.27, 1.64, 0.25, 0.22, 0.49, 4.2, 32.13, 80.6, 4.91, 3.42, 1.99, 2.81, 5.31, 1.39, 0.46, 0.57, 0.21, 0.28]","[61, 72, 23, 72, 62, 72, 68, 26, 86, 80, 62, 73, 23, 15, 57, 49, 11, 14, 21]"
86,Luis Díaz,"[0.36, 0.21, 2.56, 0.14, 0.14, 0.34, 3.84, 39.91, 81.1, 4.41, 3.34, 2.56, 6.47, 10.67, 1.49, 0.43, 0.78, 0.14, 1.07]","[84, 53, 78, 33, 26, 30, 56, 62, 88, 69, 59, 88, 94, 89, 60, 42, 30, 11, 89]"
87,Sofiane Diop,"[0.14, 0.25, 2.09, 0.28, 0.13, 0.38, 4.45, 51.23, 78.3, 5.15, 4.18, 1.6, 2.71, 7.03, 1.6, 1.18, 0.97, 0.35, 0.84]","[26, 67, 47, 80, 23, 47, 76, 87, 73, 83, 83, 55, 20, 41, 67, 97, 49, 35, 79]"
88,Sofiane Diop,"[0.14, 0.25, 2.09, 0.28, 0.13, 0.38, 4.45, 51.23, 78.3, 5.15, 4.18, 1.6, 2.71, 7.03, 1.6, 1.18, 0.97, 0.35, 0.84]","[26, 67, 47, 80, 23, 47, 76, 87, 73, 83, 83, 55, 20, 41, 67, 97, 49, 35, 79]"
89,Ritsu Doan,"[0.19, 0.26, 2.18, 0.16, 0.12, 0.38, 2.77, 24.94, 71.9, 2.65, 2.99, 1.9, 3.95, 6.54, 2.3, 0.53, 1.56, 0.53, 0.31]","[40, 68, 50, 40, 16, 46, 12, 5, 30, 19, 47, 66, 49, 32, 95, 59, 91, 62, 28]"
90,Kamory Doumbia,"[0.08, 0.23, 1.95, 0.16, 0.23, 0.45, 3.19, 41.92, 79.6, 6.62, 2.26, 1.4, 2.88, 6.39, 2.42, 1.01, 1.32, 0.23, 0.55]","[8, 57, 40, 40, 65, 61, 29, 71, 78, 94, 19, 40, 27, 29, 99, 91, 78, 19, 58]"
91,Dominick Drexler,"[0.26, 0.16, 1.05, 0.2, 0.14, 0.3, 3.03, 32.81, 65.3, 3.43, 1.12, 0.66, 2.7, 4.55, 1.65, 0.53, 1.19, 0.79, 1.45]","[65, 26, 3, 56, 28, 17, 23, 31, 11, 45, 2, 9, 20, 8, 68, 58, 68, 83, 94]"
92,Paulo Dybala,"[0.41, 0.28, 3.22, 0.26, 0.36, 0.63, 5.39, 40.84, 78.0, 4.19, 2.7, 1.53, 3.89, 5.84, 0.71, 0.41, 0.79, 0.26, 0.26]","[90, 74, 90, 74, 95, 91, 93, 67, 71, 65, 33, 50, 48, 23, 10, 41, 32, 24, 18]"
93,Malcolm Ebiowei,"[0.0, 0.15, 2.23, 0.0, 0.12, 0.27, 3.78, 33.15, 62.7, 2.58, 3.09, 4.64, 3.61, 9.1, 2.58, 0.86, 0.52, 0.0, 0.69]","[1, 32, 56, 1, 21, 17, 59, 43, 5, 27, 58, 99, 55, 80, 98, 87, 10, 1, 64]"
94,Samuel Edozie,"[0.0, 0.14, 1.27, 0.0, 0.06, 0.21, 3.17, 26.03, 67.7, 2.06, 4.13, 1.9, 5.08, 6.19, 2.7, 0.95, 1.11, 0.95, 0.95]","[1, 17, 6, 1, 2, 3, 29, 7, 17, 6, 83, 68, 80, 27, 99, 90, 58, 90, 84]"
95,Chidera Ejuke,"[0.0, 0.15, 2.43, 0.3, 0.13, 0.27, 4.15, 29.53, 77.7, 3.94, 3.84, 4.75, 3.24, 6.78, 0.51, 0.4, 0.4, 0.1, 0.51]","[1, 23, 68, 86, 22, 14, 64, 17, 70, 57, 76, 99, 32, 34, 2, 40, 3, 5, 52]"
96,Anthony Elanga,"[0.0, 0.14, 2.56, 0.16, 0.16, 0.32, 3.68, 29.57, 72.4, 1.6, 3.2, 2.08, 6.07, 7.51, 0.96, 0.48, 0.96, 0.8, 1.44]","[1, 18, 78, 43, 35, 26, 50, 17, 32, 2, 52, 77, 92, 47, 24, 53, 47, 84, 94]"
97,Elif Elmas,"[0.24, 0.16, 1.69, 0.14, 0.1, 0.26, 3.15, 55.87, 87.4, 3.86, 2.45, 1.18, 2.64, 5.46, 1.51, 0.52, 1.08, 0.33, 0.24]","[55, 28, 27, 32, 8, 10, 29, 95, 99, 55, 24, 27, 19, 16, 60, 57, 58, 32, 16]"
98,Adri Embarba,"[0.18, 0.19, 2.93, 0.18, 0.2, 0.39, 3.82, 33.62, 63.9, 2.81, 3.76, 2.99, 2.57, 6.99, 3.05, 0.54, 1.43, 0.54, 0.48]","[37, 41, 85, 47, 54, 49, 55, 36, 9, 24, 74, 94, 19, 40, 99, 61, 85, 62, 50]"
99,Adri Embarba,"[0.18, 0.19, 2.93, 0.18, 0.2, 0.39, 3.82, 33.62, 63.9, 2.81, 3.76, 2.99, 2.57, 6.99, 3.05, 0.54, 1.43, 0.54, 0.48]","[37, 41, 85, 47, 54, 49, 55, 36, 9, 24, 74, 94, 19, 40, 99, 61, 85, 62, 50]"
100,Abdessamad Ezzalzouli,"[0.24, 0.16, 2.39, 0.12, 0.11, 0.28, 3.47, 32.85, 66.5, 2.63, 5.57, 3.53, 3.95, 8.14, 1.74, 0.24, 1.2, 0.36, 0.18]","[56, 27, 65, 25, 15, 14, 43, 31, 14, 19, 95, 99, 49, 58, 76, 14, 70, 37, 12]"
101,Romain Faivre,"[0.29, 0.16, 1.75, 0.23, 0.14, 0.3, 3.38, 41.51, 83.7, 5.3, 5.3, 2.97, 2.85, 4.77, 1.11, 0.06, 0.82, 0.23, 0.12]","[72, 27, 32, 68, 29, 20, 40, 70, 94, 84, 94, 94, 24, 12, 35, 1, 36, 19, 7]"
102,Romain Faivre,"[0.29, 0.16, 1.75, 0.23, 0.14, 0.3, 3.38, 41.51, 83.7, 5.3, 5.3, 2.97, 2.85, 4.77, 1.11, 0.06, 0.82, 0.23, 0.12]","[72, 27, 32, 68, 29, 20, 40, 70, 94, 84, 94, 94, 24, 12, 35, 1, 36, 19, 7]"
103,Ansu Fati,"[0.38, 0.54, 4.13, 0.21, 0.1, 0.64, 3.17, 39.23, 83.3, 3.11, 3.06, 1.29, 8.26, 11.11, 0.91, 0.27, 1.13, 0.32, 0.54]","[85, 99, 99, 61, 7, 91, 29, 60, 94, 35, 50, 32, 99, 90, 21, 17, 60, 32, 55]"
104,Nabil Fekir,"[0.26, 0.22, 2.31, 0.17, 0.24, 0.46, 5.14, 47.87, 78.7, 4.02, 3.85, 1.54, 4.2, 7.11, 0.94, 0.09, 0.6, 0.0, 0.77]","[64, 57, 63, 46, 72, 63, 91, 84, 74, 60, 76, 51, 58, 41, 23, 1, 13, 1, 76]"
105,Lewis Ferguson,"[0.27, 0.18, 1.67, 0.0, 0.04, 0.22, 2.41, 47.37, 85.3, 3.42, 1.21, 0.35, 2.68, 4.43, 1.71, 0.74, 0.86, 0.97, 1.05]","[68, 38, 25, 1, 1, 6, 8, 82, 97, 44, 3, 1, 19, 5, 76, 81, 40, 90, 89]"
106,Bruno Fernandes,"[0.15, 0.22, 2.43, 0.24, 0.47, 0.69, 6.05, 55.56, 74.4, 7.04, 2.46, 0.95, 4.18, 6.5, 1.79, 0.69, 1.12, 1.14, 0.54]","[29, 56, 69, 69, 99, 95, 97, 94, 46, 95, 26, 18, 57, 31, 80, 73, 59, 95, 56]"
107,Alexis Flips,"[0.18, 0.18, 2.41, 0.27, 0.28, 0.46, 4.32, 47.05, 66.7, 5.01, 1.05, 0.55, 2.46, 7.37, 2.32, 1.09, 1.59, 0.55, 0.59]","[38, 36, 67, 77, 85, 62, 72, 81, 15, 82, 2, 5, 18, 46, 97, 95, 94, 62, 63]"
108,Phil Foden,"[0.49, 0.28, 2.22, 0.32, 0.24, 0.52, 4.81, 54.3, 81.5, 4.45, 3.27, 1.9, 6.27, 13.42, 0.85, 0.4, 1.13, 0.49, 0.81]","[95, 77, 56, 88, 73, 76, 84, 91, 89, 69, 55, 67, 93, 96, 17, 39, 62, 57, 78]"
109,Pablo Fornals,"[0.18, 0.13, 1.62, 0.06, 0.1, 0.23, 3.41, 46.23, 72.2, 5.33, 1.98, 0.6, 2.16, 6.05, 1.8, 0.84, 0.96, 0.54, 0.66]","[37, 13, 21, 9, 10, 8, 41, 78, 32, 84, 12, 7, 9, 27, 81, 86, 47, 62, 68]"
110,Emil Forsberg,"[0.24, 0.2, 1.29, 0.19, 0.12, 0.32, 2.34, 32.01, 82.7, 4.11, 1.0, 0.86, 1.72, 4.35, 1.15, 0.19, 1.39, 0.38, 0.57]","[56, 48, 8, 51, 17, 26, 5, 25, 93, 63, 1, 14, 3, 5, 39, 10, 82, 41, 62]"
111,Chris Führich,"[0.19, 0.14, 2.05, 0.1, 0.23, 0.36, 3.77, 33.63, 78.4, 3.97, 4.44, 2.39, 3.3, 6.78, 1.72, 0.33, 1.39, 0.62, 0.14]","[41, 15, 45, 19, 66, 37, 53, 36, 74, 58, 84, 84, 34, 34, 76, 25, 82, 69, 8]"
112,Angelo Fulgini,"[0.07, 0.12, 1.3, 0.13, 0.23, 0.35, 4.1, 48.09, 76.9, 4.69, 1.5, 1.37, 2.15, 7.35, 1.3, 0.85, 1.04, 0.59, 0.52]","[6, 8, 10, 28, 67, 35, 64, 84, 61, 75, 6, 35, 9, 45, 50, 86, 52, 66, 52]"
113,Angelo Fulgini,"[0.07, 0.12, 1.3, 0.13, 0.23, 0.35, 4.1, 48.09, 76.9, 4.69, 1.5, 1.37, 2.15, 7.35, 1.3, 0.85, 1.04, 0.59, 0.52]","[6, 8, 10, 28, 67, 35, 64, 84, 61, 75, 6, 35, 9, 45, 50, 86, 52, 66, 52]"
114,Pablo Galdames Millán,"[0.12, 0.04, 0.86, 0.25, 0.13, 0.17, 1.96, 37.03, 69.9, 4.05, 0.61, 0.25, 0.74, 2.08, 1.72, 1.23, 1.59, 1.59, 0.49]","[20, 1, 1, 71, 26, 1, 1, 50, 23, 62, 1, 1, 1, 1, 76, 97, 94, 99, 51]"
115,Alejandro Garnacho,"[0.46, 0.42, 3.44, 0.23, 0.13, 0.55, 3.21, 30.31, 79.9, 1.72, 5.63, 1.95, 8.49, 13.32, 0.8, 0.92, 0.92, 0.57, 0.34]","[95, 96, 95, 67, 21, 78, 31, 19, 80, 4, 95, 70, 99, 96, 14, 90, 45, 66, 32]"
116,Serge Gnabry,"[0.59, 0.46, 3.59, 0.32, 0.26, 0.71, 3.94, 40.94, 79.7, 3.59, 3.31, 1.26, 6.46, 10.01, 1.69, 0.43, 1.18, 0.28, 0.43]","[98, 97, 97, 86, 78, 97, 59, 69, 79, 49, 56, 31, 94, 80, 72, 44, 68, 27, 42]"
117,Papu Gómez,"[0.07, 0.12, 1.87, 0.13, 0.13, 0.25, 3.48, 45.07, 83.2, 6.62, 2.61, 1.27, 2.34, 5.48, 0.74, 0.47, 0.6, 0.4, 0.2]","[6, 9, 38, 30, 26, 10, 43, 76, 94, 94, 29, 32, 14, 16, 12, 50, 13, 46, 12]"
118,Nicolás González,"[0.27, 0.36, 3.86, 0.07, 0.09, 0.45, 4.12, 37.95, 66.7, 4.65, 2.46, 1.66, 4.85, 7.44, 1.13, 0.27, 0.93, 0.4, 4.25]","[66, 93, 99, 9, 6, 59, 64, 55, 15, 74, 27, 57, 76, 46, 39, 17, 47, 46, 99]"
119,Anthony Gordon,"[0.23, 0.28, 1.93, 0.0, 0.09, 0.37, 2.22, 27.19, 74.3, 1.93, 2.73, 1.02, 4.21, 6.37, 2.73, 0.34, 1.59, 0.68, 0.51]","[52, 78, 40, 1, 6, 40, 4, 10, 44, 5, 36, 21, 58, 29, 99, 27, 94, 73, 52]"
120,Anthony Gordon,"[0.23, 0.28, 1.93, 0.0, 0.09, 0.37, 2.22, 27.19, 74.3, 1.93, 2.73, 1.02, 4.21, 6.37, 2.73, 0.34, 1.59, 0.68, 0.51]","[52, 78, 40, 1, 6, 40, 4, 10, 44, 5, 36, 21, 58, 29, 99, 27, 94, 73, 52]"
121,Mario Götze,"[0.08, 0.1, 0.83, 0.08, 0.16, 0.26, 3.26, 49.08, 74.1, 4.91, 1.99, 0.8, 2.4, 6.87, 1.35, 0.44, 0.83, 0.39, 0.08]","[9, 5, 1, 15, 38, 10, 33, 85, 41, 79, 13, 12, 15, 36, 53, 45, 39, 42, 5]"
122,Jack Grealish,"[0.15, 0.17, 1.72, 0.24, 0.3, 0.47, 4.79, 47.62, 84.4, 4.25, 6.27, 2.14, 5.9, 12.8, 0.99, 0.33, 0.81, 0.45, 0.54]","[28, 30, 29, 70, 87, 64, 82, 84, 95, 66, 97, 78, 90, 95, 26, 24, 36, 54, 57]"
123,Vincenzo Grifo,"[0.28, 0.15, 2.28, 0.19, 0.21, 0.35, 5.03, 54.17, 74.4, 5.56, 2.84, 1.48, 2.44, 5.15, 1.11, 0.59, 0.65, 0.71, 0.65]","[69, 20, 59, 50, 57, 35, 88, 90, 46, 89, 42, 45, 16, 15, 36, 64, 17, 77, 67]"
124,Evann Guessand,"[0.22, 0.18, 1.59, 0.11, 0.07, 0.26, 1.97, 21.49, 63.4, 2.46, 3.17, 2.68, 3.39, 6.73, 1.53, 0.87, 0.98, 0.44, 2.02]","[49, 37, 20, 24, 4, 10, 2, 1, 6, 15, 52, 91, 37, 33, 61, 89, 49, 52, 99]"
125,Son Heung-min,"[0.31, 0.3, 2.46, 0.15, 0.21, 0.5, 3.65, 28.49, 73.4, 2.41, 2.59, 1.03, 3.11, 6.26, 0.87, 0.36, 0.64, 0.23, 0.26]","[74, 84, 72, 38, 55, 74, 49, 14, 36, 14, 28, 21, 31, 28, 20, 31, 16, 19, 18]"
126,Isco,"[0.08, 0.08, 0.9, 0.23, 0.14, 0.23, 3.38, 46.2, 83.6, 4.88, 1.58, 1.35, 2.33, 3.68, 1.58, 1.13, 0.38, 0.3, 0.75]","[8, 1, 1, 65, 30, 7, 40, 78, 94, 79, 7, 35, 14, 1, 66, 96, 3, 29, 75]"
127,Junya Ito,"[0.19, 0.18, 1.3, 0.15, 0.25, 0.42, 4.35, 34.72, 62.9, 4.35, 4.1, 1.91, 3.46, 10.43, 1.23, 0.25, 0.9, 0.12, 0.9]","[38, 35, 9, 39, 77, 57, 73, 40, 6, 67, 82, 68, 38, 85, 45, 15, 43, 8, 82]"
128,Lee Jae-sung,"[0.33, 0.2, 1.66, 0.24, 0.13, 0.34, 2.76, 37.3, 71.8, 3.28, 1.38, 1.19, 3.66, 4.89, 1.81, 0.81, 1.38, 1.0, 1.85]","[81, 50, 24, 69, 25, 29, 11, 50, 29, 40, 6, 28, 42, 13, 81, 84, 81, 91, 97]"
129,Daniel James,"[0.22, 0.22, 1.87, 0.11, 0.12, 0.33, 1.65, 24.84, 63.7, 1.98, 3.3, 0.66, 3.85, 6.26, 1.65, 0.33, 0.99, 0.77, 0.11]","[49, 55, 38, 24, 19, 29, 1, 4, 7, 5, 55, 9, 45, 28, 68, 23, 49, 82, 7]"
130,Daniel James,"[0.22, 0.22, 1.87, 0.11, 0.12, 0.33, 1.65, 24.84, 63.7, 1.98, 3.3, 0.66, 3.85, 6.26, 1.65, 0.33, 0.99, 0.77, 0.11]","[49, 55, 38, 24, 19, 29, 1, 4, 7, 5, 55, 9, 45, 28, 68, 23, 49, 82, 7]"
131,Jefferson,"[0.11, 0.23, 3.09, 0.17, 0.07, 0.3, 4.72, 30.15, 73.9, 3.2, 4.44, 4.15, 3.54, 7.24, 1.68, 0.67, 1.35, 0.22, 0.56]","[22, 69, 90, 51, 5, 26, 85, 33, 50, 44, 89, 99, 54, 50, 75, 76, 85, 15, 55]"
132,Joaquín,"[0.1, 0.09, 1.21, 0.2, 0.25, 0.34, 4.42, 56.61, 82.9, 4.63, 3.72, 2.11, 2.41, 6.13, 0.6, 0.7, 0.7, 0.5, 0.3]","[14, 1, 6, 58, 78, 30, 75, 95, 94, 73, 73, 77, 15, 27, 6, 74, 21, 60, 24]"
133,Brennan Johnson,"[0.21, 0.19, 1.6, 0.09, 0.1, 0.29, 1.69, 15.49, 57.6, 0.92, 2.7, 1.01, 3.56, 4.75, 1.04, 0.15, 0.92, 0.21, 0.55]","[49, 45, 21, 18, 8, 15, 1, 1, 1, 1, 34, 21, 41, 11, 30, 5, 46, 15, 59]"
134,Diogo Jota,"[0.45, 0.47, 2.71, 0.52, 0.22, 0.7, 3.23, 30.73, 75.6, 2.91, 2.52, 1.03, 5.75, 8.33, 1.68, 0.19, 0.45, 0.77, 1.55]","[95, 98, 80, 99, 63, 96, 32, 22, 55, 28, 27, 22, 88, 61, 71, 11, 4, 83, 95]"
135,Juanmi,"[0.33, 0.36, 1.88, 0.08, 0.11, 0.47, 2.21, 23.42, 82.5, 1.72, 1.06, 1.06, 4.01, 3.44, 1.47, 0.33, 0.98, 0.33, 0.82]","[80, 93, 38, 14, 12, 63, 4, 2, 92, 4, 2, 23, 51, 1, 58, 23, 49, 32, 78]"
136,Hamed Junior Traorè,"[0.0, 0.17, 1.24, 0.27, 0.26, 0.42, 4.07, 37.4, 69.3, 4.6, 2.92, 1.77, 3.09, 5.04, 2.48, 0.35, 1.15, 0.09, 0.53]","[1, 29, 6, 74, 78, 58, 63, 50, 21, 72, 45, 61, 31, 14, 99, 29, 65, 4, 53]"
137,Hamed Junior Traorè,"[0.0, 0.17, 1.24, 0.27, 0.26, 0.42, 4.07, 37.4, 69.3, 4.6, 2.92, 1.77, 3.09, 5.04, 2.48, 0.35, 1.15, 0.09, 0.53]","[1, 29, 6, 74, 78, 58, 63, 50, 21, 72, 45, 61, 31, 14, 99, 29, 65, 4, 53]"
138,Vinicius Júnior,"[0.4, 0.4, 2.73, 0.36, 0.29, 0.69, 5.08, 37.59, 76.7, 2.54, 6.9, 3.77, 8.35, 14.82, 0.95, 0.17, 0.76, 0.05, 0.07]","[88, 95, 80, 91, 86, 96, 90, 51, 59, 16, 99, 99, 99, 99, 23, 5, 28, 2, 3]"
139,Florian Kainz,"[0.12, 0.14, 1.96, 0.38, 0.33, 0.47, 4.88, 46.34, 62.9, 6.1, 2.46, 1.27, 1.73, 5.64, 0.81, 1.23, 1.04, 1.15, 0.35]","[18, 15, 40, 95, 92, 65, 87, 78, 6, 94, 26, 32, 3, 21, 15, 97, 51, 95, 33]"
140,Yayah Kallon,"[0.1, 0.18, 2.09, 0.1, 0.16, 0.33, 3.14, 24.8, 62.4, 2.3, 3.45, 0.84, 4.5, 6.7, 1.47, 0.84, 1.05, 0.52, 0.94]","[17, 37, 47, 22, 32, 29, 26, 4, 3, 11, 63, 14, 67, 33, 58, 86, 52, 61, 83]"
141,Jakub Kamiński,"[0.17, 0.21, 1.71, 0.09, 0.16, 0.37, 3.02, 29.17, 74.2, 3.41, 2.06, 1.22, 3.41, 7.48, 1.57, 0.35, 1.62, 0.66, 0.57]","[36, 51, 27, 16, 36, 41, 23, 16, 43, 42, 15, 30, 37, 46, 66, 28, 95, 72, 61]"
142,Kenan Karaman,"[0.09, 0.23, 2.03, 0.18, 0.13, 0.35, 1.94, 19.27, 61.7, 1.66, 2.12, 1.01, 3.87, 5.07, 1.01, 0.28, 0.83, 0.83, 2.95]","[13, 58, 42, 50, 22, 35, 1, 1, 3, 4, 17, 21, 47, 14, 27, 19, 40, 84, 99]"
143,Yann Karamoh,"[0.5, 0.41, 2.51, 0.0, 0.09, 0.5, 2.77, 27.15, 75.5, 1.51, 3.39, 3.27, 4.4, 9.3, 0.63, 0.0, 0.63, 0.25, 0.88]","[96, 95, 74, 1, 6, 73, 11, 10, 54, 1, 61, 97, 60, 75, 6, 1, 16, 23, 81]"
144,Silas Katompa,"[0.18, 0.26, 1.9, 0.09, 0.09, 0.34, 2.8, 18.03, 73.9, 1.81, 3.21, 2.17, 4.61, 7.45, 1.13, 0.36, 0.77, 0.05, 0.81]","[37, 68, 40, 17, 6, 31, 13, 1, 40, 5, 52, 81, 71, 46, 39, 32, 29, 1, 78]"
145,Neeskens Kebano,"[0.0, 0.06, 1.06, 0.35, 0.18, 0.24, 2.83, 24.97, 73.1, 2.83, 4.59, 1.06, 3.53, 8.01, 2.0, 0.12, 1.65, 0.94, 0.24]","[1, 1, 3, 91, 43, 8, 14, 5, 35, 24, 86, 22, 40, 56, 88, 3, 96, 90, 16]"
146,Saîf-Eddine Khaoui,"[0.31, 0.23, 2.09, 0.13, 0.17, 0.4, 3.29, 31.66, 68.2, 3.2, 1.02, 1.07, 2.13, 3.91, 2.09, 1.47, 0.75, 0.36, 0.53]","[77, 57, 47, 30, 41, 51, 35, 24, 18, 37, 1, 23, 8, 1, 90, 99, 27, 36, 54]"
147,Wahbi Khazri,"[0.22, 0.23, 2.09, 0.06, 0.09, 0.32, 2.31, 26.59, 71.2, 2.7, 2.2, 1.54, 3.52, 5.01, 1.43, 0.5, 0.94, 1.1, 0.99]","[49, 57, 47, 8, 6, 26, 4, 9, 27, 22, 17, 51, 40, 14, 58, 53, 47, 94, 87]"
148,Justin Kluivert,"[0.31, 0.37, 2.67, 0.0, 0.15, 0.51, 3.79, 24.82, 69.2, 2.05, 3.61, 1.87, 4.04, 7.84, 1.06, 0.44, 0.25, 0.25, 0.5]","[77, 93, 80, 1, 31, 75, 55, 4, 19, 6, 66, 65, 51, 51, 32, 44, 1, 22, 51]"
149,Christian Kouamé,"[0.19, 0.26, 2.03, 0.19, 0.18, 0.43, 4.0, 31.88, 70.8, 2.6, 2.41, 1.01, 5.35, 9.79, 1.3, 0.58, 0.72, 0.39, 2.99]","[42, 67, 42, 54, 43, 58, 62, 24, 26, 17, 24, 21, 84, 79, 50, 64, 24, 42, 99]"
150,Dejan Kulusevski,"[0.08, 0.11, 1.83, 0.28, 0.19, 0.31, 4.25, 33.31, 77.6, 2.86, 3.77, 2.06, 4.57, 8.81, 1.71, 0.56, 0.91, 0.28, 0.12]","[8, 7, 35, 79, 51, 22, 70, 34, 69, 25, 74, 76, 69, 67, 73, 62, 45, 28, 8]"
151,Khvicha Kvaratskhelia,"[0.31, 0.28, 3.31, 0.39, 0.28, 0.56, 5.05, 39.93, 78.1, 3.08, 5.36, 3.08, 6.73, 10.46, 1.54, 0.2, 0.73, 0.31, 0.36]","[75, 75, 92, 95, 82, 80, 89, 62, 72, 34, 94, 95, 95, 85, 64, 11, 25, 30, 34]"
152,Daniel Kyereh,"[0.34, 0.33, 1.95, 0.11, 0.06, 0.39, 1.84, 29.54, 77.0, 2.3, 1.61, 0.69, 2.99, 5.63, 1.15, 0.46, 0.69, 0.69, 0.8]","[84, 90, 40, 25, 1, 49, 1, 17, 62, 11, 7, 10, 30, 20, 40, 47, 20, 73, 78]"
153,Adam Lallana,"[0.25, 0.11, 1.0, 0.12, 0.12, 0.24, 2.74, 39.52, 82.6, 4.11, 1.25, 0.37, 4.11, 5.36, 1.12, 0.25, 0.75, 0.12, 1.0]","[61, 7, 3, 27, 20, 8, 11, 60, 92, 63, 4, 1, 56, 16, 38, 16, 27, 8, 87]"
154,Érik Lamela,"[0.29, 0.24, 2.18, 0.07, 0.1, 0.35, 3.89, 37.73, 77.6, 3.53, 3.05, 1.56, 5.13, 7.71, 2.0, 0.36, 1.45, 0.15, 0.91]","[72, 63, 51, 11, 10, 32, 58, 52, 69, 48, 49, 52, 81, 50, 87, 33, 86, 11, 82]"
155,Armand Lauriente,"[0.26, 0.21, 2.54, 0.22, 0.27, 0.48, 4.87, 33.18, 71.7, 3.83, 5.2, 2.88, 4.61, 10.47, 1.07, 0.59, 0.92, 0.33, 0.07]","[64, 51, 78, 64, 80, 70, 86, 33, 28, 54, 92, 92, 72, 86, 33, 66, 46, 33, 5]"
156,Armand Lauriente,"[0.26, 0.21, 2.54, 0.22, 0.27, 0.48, 4.87, 33.18, 71.7, 3.83, 5.2, 2.88, 4.61, 10.47, 1.07, 0.59, 0.92, 0.33, 0.07]","[64, 51, 78, 64, 80, 70, 86, 33, 28, 54, 92, 92, 72, 86, 33, 66, 46, 33, 5]"
157,Rafael Leão,"[0.43, 0.34, 3.0, 0.32, 0.26, 0.6, 4.38, 29.61, 70.3, 3.95, 4.76, 3.14, 5.19, 8.17, 0.3, 0.49, 0.3, 0.41, 0.97]","[95, 90, 87, 89, 79, 90, 74, 17, 25, 57, 89, 97, 82, 59, 1, 53, 1, 46, 86]"
158,Jesper Lindstrøm,"[0.33, 0.28, 2.3, 0.08, 0.16, 0.44, 2.96, 26.63, 63.7, 1.77, 3.21, 1.52, 4.94, 7.0, 1.23, 0.45, 1.48, 0.41, 0.29]","[80, 77, 62, 15, 35, 59, 18, 9, 7, 4, 52, 48, 77, 40, 45, 46, 88, 49, 23]"
159,Ademola Lookman,"[0.52, 0.35, 2.55, 0.31, 0.34, 0.69, 4.53, 33.78, 75.8, 4.11, 3.8, 1.77, 5.78, 9.63, 0.68, 0.21, 0.94, 0.05, 0.16]","[96, 91, 78, 86, 94, 96, 77, 37, 55, 63, 76, 61, 88, 78, 9, 13, 47, 3, 9]"
160,Hirving Lozano,"[0.13, 0.26, 2.3, 0.17, 0.22, 0.47, 3.74, 32.4, 74.1, 2.65, 4.78, 2.13, 4.69, 10.6, 1.48, 0.74, 1.65, 0.39, 0.43]","[21, 67, 62, 46, 62, 67, 51, 29, 41, 20, 90, 77, 72, 88, 59, 80, 97, 44, 43]"
161,Dodi Lukebakio,"[0.23, 0.18, 2.22, 0.11, 0.17, 0.34, 3.19, 23.02, 68.8, 1.58, 3.6, 2.52, 3.87, 6.68, 0.68, 0.49, 0.86, 0.64, 0.6]","[51, 35, 55, 24, 38, 30, 29, 2, 18, 2, 66, 87, 46, 33, 9, 53, 40, 70, 63]"
162,Darwin Machís,"[0.0, 0.17, 2.85, 0.15, 0.32, 0.5, 3.01, 31.25, 65.9, 1.5, 4.36, 1.65, 4.81, 7.96, 0.45, 0.45, 0.75, 0.6, 0.3]","[1, 28, 83, 36, 88, 72, 22, 23, 12, 1, 83, 57, 75, 55, 1, 45, 27, 67, 24]"
163,James Maddison,"[0.33, 0.24, 3.01, 0.33, 0.34, 0.58, 5.01, 41.73, 73.4, 5.48, 2.79, 1.67, 3.74, 5.63, 1.85, 0.47, 0.69, 0.22, 0.15]","[79, 62, 88, 90, 94, 84, 87, 70, 36, 85, 40, 57, 44, 20, 83, 51, 20, 16, 8]"
164,Noni Madueke,"[0.12, 0.17, 1.8, 0.0, 0.08, 0.26, 3.12, 37.97, 78.2, 4.93, 6.61, 4.33, 8.29, 12.86, 1.56, 0.6, 1.56, 0.96, 0.24]","[19, 29, 35, 1, 6, 10, 26, 55, 73, 81, 99, 99, 99, 96, 65, 67, 92, 90, 17]"
165,Riyad Mahrez,"[0.22, 0.22, 1.89, 0.45, 0.33, 0.55, 5.53, 55.09, 83.0, 3.38, 3.82, 1.37, 5.08, 11.31, 1.45, 0.37, 1.04, 0.22, 0.37]","[51, 55, 39, 97, 91, 77, 95, 93, 94, 40, 76, 36, 80, 92, 58, 33, 51, 17, 35]"
166,Linton Maina,"[0.12, 0.18, 1.41, 0.28, 0.24, 0.42, 2.85, 27.49, 69.3, 2.45, 3.62, 0.88, 3.98, 6.95, 0.72, 0.2, 0.76, 0.36, 0.04]","[20, 41, 13, 81, 70, 56, 15, 10, 21, 15, 67, 15, 50, 39, 11, 13, 28, 38, 1]"
167,Donyell Malen,"[0.41, 0.46, 3.32, 0.28, 0.21, 0.67, 4.05, 31.27, 74.2, 3.04, 4.33, 2.53, 5.02, 9.17, 0.64, 0.28, 0.78, 0.55, 0.28]","[91, 97, 92, 78, 58, 93, 63, 23, 43, 33, 83, 87, 79, 72, 6, 19, 31, 63, 21]"
168,Ruslan Malinovskyi,"[0.1, 0.15, 2.73, 0.15, 0.22, 0.37, 4.2, 44.24, 75.3, 5.76, 2.73, 1.82, 1.72, 5.92, 1.77, 0.4, 1.06, 0.56, 1.01]","[15, 21, 81, 36, 64, 40, 67, 75, 54, 91, 36, 63, 2, 24, 79, 40, 55, 64, 88]"
169,Ruslan Malinovskyi,"[0.1, 0.15, 2.73, 0.15, 0.22, 0.37, 4.2, 44.24, 75.3, 5.76, 2.73, 1.82, 1.72, 5.92, 1.77, 0.4, 1.06, 0.56, 1.01]","[15, 21, 81, 36, 64, 40, 67, 75, 54, 91, 36, 63, 2, 24, 79, 40, 55, 64, 88]"
170,Sadio Mané,"[0.41, 0.41, 3.1, 0.27, 0.22, 0.63, 4.01, 28.41, 75.0, 3.69, 3.92, 1.64, 7.65, 10.52, 0.96, 0.18, 1.14, 0.27, 1.41]","[89, 95, 89, 77, 63, 91, 62, 13, 51, 51, 76, 55, 99, 88, 24, 7, 62, 26, 94]"
171,Faitout Maouassa,"[0.23, 0.15, 1.59, 0.23, 0.1, 0.26, 2.67, 30.47, 67.0, 2.39, 1.73, 1.17, 1.92, 5.05, 2.43, 0.94, 1.45, 1.08, 0.61]","[55, 24, 20, 68, 11, 10, 11, 20, 16, 13, 10, 27, 5, 14, 99, 90, 86, 94, 63]"
172,Solly March,"[0.23, 0.27, 2.45, 0.23, 0.28, 0.55, 4.64, 43.49, 72.5, 4.48, 3.65, 1.92, 4.57, 11.83, 1.76, 0.8, 1.13, 1.06, 0.96]","[54, 73, 70, 67, 82, 78, 79, 73, 33, 70, 70, 69, 69, 94, 77, 82, 61, 94, 85]"
173,Marquinhos,"[0.14, 0.16, 2.14, 0.14, 0.04, 0.2, 2.14, 30.52, 78.0, 1.71, 1.28, 1.0, 2.57, 5.56, 0.57, 0.57, 0.86, 1.28, 1.43]","[34, 34, 54, 43, 1, 5, 9, 36, 74, 9, 6, 26, 22, 22, 4, 60, 44, 98, 86]"
174,Martinelli,"[0.41, 0.31, 2.52, 0.16, 0.28, 0.59, 4.03, 36.32, 76.2, 3.04, 3.95, 1.97, 6.99, 11.29, 0.99, 0.27, 0.82, 0.41, 0.55]","[90, 86, 77, 44, 81, 86, 62, 48, 57, 33, 77, 72, 97, 91, 25, 18, 36, 49, 58]"
175,Aïman Maurer,"[0.0, 0.22, 1.98, 0.18, 0.27, 0.49, 2.34, 22.46, 69.6, 1.62, 3.77, 3.05, 4.31, 7.19, 0.36, 0.54, 0.18, 0.9, 0.54]","[1, 53, 40, 47, 81, 71, 5, 1, 22, 2, 75, 95, 60, 43, 1, 61, 1, 87, 57]"
176,Stephy Mavididi,"[0.28, 0.3, 2.59, 0.14, 0.1, 0.4, 3.07, 22.22, 74.2, 1.54, 2.38, 2.24, 3.56, 6.36, 1.68, 0.28, 1.47, 0.7, 0.7]","[70, 84, 79, 32, 7, 52, 24, 1, 43, 1, 23, 82, 41, 29, 71, 19, 88, 76, 71]"
177,Bryan Mbeumo,"[0.25, 0.28, 2.17, 0.25, 0.24, 0.51, 3.0, 30.69, 66.1, 2.73, 2.04, 1.39, 3.87, 7.28, 0.81, 0.4, 0.74, 0.65, 1.08]","[59, 76, 49, 71, 67, 75, 21, 22, 13, 23, 14, 37, 46, 44, 14, 38, 26, 71, 90]"
178,Dwight McNeil,"[0.25, 0.13, 1.66, 0.11, 0.22, 0.35, 3.89, 35.56, 66.5, 2.49, 2.74, 1.95, 2.2, 4.61, 2.31, 1.12, 1.66, 1.48, 0.5]","[62, 12, 23, 23, 63, 33, 59, 44, 14, 15, 37, 69, 10, 9, 96, 96, 98, 98, 51]"
179,Junior Messias,"[0.3, 0.13, 1.89, 0.1, 0.06, 0.19, 2.63, 33.09, 75.9, 2.98, 3.03, 1.84, 3.27, 8.09, 1.59, 0.5, 1.14, 1.44, 1.34]","[73, 13, 38, 20, 1, 1, 10, 33, 55, 30, 48, 64, 33, 56, 67, 54, 63, 97, 92]"
180,Pere Milla,"[0.15, 0.15, 1.61, 0.05, 0.06, 0.21, 2.1, 28.57, 70.1, 3.17, 1.12, 0.83, 2.88, 4.05, 1.51, 0.44, 0.88, 0.93, 1.37]","[27, 21, 21, 7, 1, 3, 3, 15, 24, 36, 2, 14, 27, 1, 60, 44, 41, 90, 92]"
181,Takumi Minamino,"[0.1, 0.21, 2.78, 0.31, 0.19, 0.39, 3.6, 34.7, 66.5, 3.81, 2.99, 1.13, 5.35, 8.65, 1.75, 0.62, 1.96, 0.41, 0.82]","[17, 50, 82, 86, 46, 50, 47, 40, 14, 53, 47, 27, 84, 65, 77, 68, 99, 50, 78]"
182,Aleksei Miranchuk,"[0.17, 0.12, 1.72, 0.22, 0.18, 0.31, 3.36, 35.37, 79.5, 4.27, 2.02, 0.65, 1.81, 4.52, 0.47, 0.09, 0.47, 0.22, 0.43]","[34, 11, 30, 62, 46, 23, 39, 41, 78, 67, 13, 8, 4, 8, 2, 1, 4, 15, 41]"
183,Kaoru Mitoma,"[0.27, 0.31, 2.02, 0.19, 0.25, 0.56, 4.19, 37.93, 79.8, 3.49, 5.55, 2.25, 6.87, 10.09, 1.71, 0.66, 0.97, 0.39, 0.7]","[67, 88, 41, 54, 77, 82, 67, 54, 79, 46, 95, 84, 97, 82, 74, 72, 49, 43, 72]"
184,Mason Mount,"[0.13, 0.12, 2.02, 0.17, 0.16, 0.28, 3.58, 45.24, 76.4, 5.95, 2.41, 0.86, 3.32, 6.68, 1.98, 0.52, 1.34, 0.47, 0.56]","[21, 9, 42, 46, 38, 15, 45, 76, 58, 93, 24, 14, 35, 33, 87, 56, 79, 56, 60]"
185,Mykhailo Mudryk,"[0.21, 0.22, 1.85, 0.28, 0.12, 0.34, 2.56, 27.99, 72.6, 2.49, 3.69, 1.85, 3.55, 5.68, 1.28, 0.07, 0.64, 0.36, 0.36]","[48, 55, 38, 83, 19, 30, 9, 12, 33, 16, 72, 64, 40, 21, 50, 1, 16, 36, 34]"
186,Iker Muniain,"[0.0, 0.16, 1.49, 0.16, 0.21, 0.37, 5.75, 59.15, 80.2, 8.21, 2.66, 2.08, 2.13, 5.49, 1.12, 0.21, 0.53, 0.11, 0.16]","[1, 26, 16, 43, 59, 39, 96, 97, 83, 98, 32, 77, 9, 17, 37, 13, 7, 5, 10]"
187,Jacob Murphy,"[0.29, 0.24, 2.09, 0.14, 0.2, 0.44, 3.53, 32.23, 66.1, 4.1, 4.75, 1.01, 5.4, 10.14, 1.08, 0.5, 1.22, 0.22, 0.22]","[71, 60, 47, 35, 53, 58, 45, 27, 13, 63, 88, 19, 84, 83, 33, 55, 71, 16, 14]"
188,Jamal Musiala,"[0.4, 0.31, 2.51, 0.4, 0.28, 0.6, 4.85, 40.84, 84.7, 5.55, 3.57, 3.33, 5.88, 7.53, 1.25, 0.83, 1.19, 0.13, 0.43]","[86, 87, 74, 96, 83, 89, 85, 66, 96, 88, 65, 98, 89, 48, 47, 85, 69, 9, 41]"
189,Nathan N'Goumou,"[0.11, 0.09, 1.49, 0.0, 0.07, 0.16, 1.38, 29.35, 74.6, 2.18, 2.75, 0.92, 3.1, 8.03, 1.61, 0.34, 1.26, 0.46, 1.03]","[18, 1, 16, 1, 3, 1, 1, 17, 50, 8, 38, 17, 31, 56, 67, 27, 74, 55, 88]"
190,Nathan N'Goumou,"[0.11, 0.09, 1.49, 0.0, 0.07, 0.16, 1.38, 29.35, 74.6, 2.18, 2.75, 0.92, 3.1, 8.03, 1.61, 0.34, 1.26, 0.46, 1.03]","[18, 1, 16, 1, 3, 1, 1, 17, 50, 8, 38, 17, 31, 56, 67, 27, 74, 55, 88]"
191,Reiss Nelson,"[0.53, 0.32, 3.35, 0.35, 0.32, 0.64, 4.59, 43.06, 80.7, 2.12, 4.76, 2.47, 6.53, 11.65, 1.76, 0.18, 0.88, 1.06, 0.71]","[96, 88, 93, 91, 88, 91, 77, 73, 87, 8, 89, 87, 94, 93, 78, 6, 42, 94, 72]"
192,Pedro Neto,"[0.0, 0.1, 1.59, 0.0, 0.2, 0.3, 3.83, 35.85, 74.0, 2.24, 3.45, 1.68, 4.29, 10.36, 1.03, 0.37, 0.47, 0.37, 0.0]","[1, 5, 20, 1, 53, 19, 55, 45, 40, 9, 63, 58, 60, 84, 28, 34, 4, 39, 1]"
193,Florian Neuhaus,"[0.06, 0.13, 1.79, 0.0, 0.15, 0.28, 2.95, 41.25, 79.2, 5.0, 1.67, 0.77, 2.63, 3.59, 1.22, 0.77, 1.28, 0.32, 0.19]","[6, 13, 35, 1, 31, 14, 18, 70, 77, 81, 8, 12, 19, 1, 44, 82, 76, 31, 12]"
194,Neymar,"[0.56, 0.37, 2.33, 0.56, 0.45, 0.82, 6.18, 71.43, 80.5, 9.41, 4.58, 2.25, 4.45, 6.82, 1.08, 0.26, 0.35, 0.13, 0.04]","[97, 93, 64, 99, 99, 99, 98, 99, 85, 99, 86, 82, 65, 35, 33, 16, 2, 8, 2]"
195,Cyril Ngonge,"[0.36, 0.24, 3.14, 0.12, 0.07, 0.3, 3.26, 21.14, 56.0, 1.57, 2.17, 1.45, 2.42, 4.83, 0.85, 0.72, 0.85, 0.48, 2.05]","[84, 63, 90, 25, 4, 19, 34, 1, 1, 2, 17, 43, 15, 13, 17, 77, 40, 57, 99]"
196,Arnaud Nordin,"[0.34, 0.24, 2.21, 0.11, 0.11, 0.35, 2.36, 24.78, 73.4, 2.36, 4.09, 1.42, 4.09, 6.78, 0.97, 0.52, 0.71, 0.26, 0.79]","[82, 64, 54, 24, 13, 36, 6, 4, 36, 13, 81, 41, 53, 34, 24, 58, 22, 25, 77]"
197,Lucas Ocampos,"[0.11, 0.2, 2.13, 0.11, 0.1, 0.3, 2.87, 35.45, 73.1, 2.93, 2.61, 2.45, 5.32, 8.78, 2.13, 0.64, 1.22, 0.43, 2.24]","[17, 49, 49, 23, 9, 18, 15, 42, 35, 28, 29, 86, 83, 66, 90, 69, 72, 51, 99]"
198,Wilson Odobert,"[0.2, 0.13, 1.38, 0.1, 0.09, 0.22, 3.16, 27.45, 75.8, 2.4, 3.67, 1.68, 2.65, 6.73, 1.02, 0.77, 0.56, 0.26, 0.36]","[46, 13, 12, 22, 6, 6, 29, 10, 55, 13, 71, 58, 19, 33, 27, 82, 11, 24, 34]"
199,Michael Olise,"[0.07, 0.09, 1.67, 0.36, 0.28, 0.38, 4.68, 46.49, 69.4, 4.35, 3.63, 1.77, 2.82, 7.96, 1.9, 0.85, 1.51, 0.56, 0.56]","[6, 3, 24, 93, 85, 47, 81, 79, 22, 68, 68, 61, 24, 54, 85, 87, 90, 65, 59]"
200,Dani Olmo,"[0.13, 0.2, 3.01, 0.33, 0.31, 0.51, 4.54, 41.96, 74.5, 4.74, 2.47, 2.61, 3.67, 6.01, 1.27, 0.4, 1.0, 0.4, 0.53]","[24, 47, 88, 90, 88, 75, 77, 71, 48, 76, 27, 89, 42, 27, 48, 37, 50, 46, 54]"
201,Riccardo Orsolini,"[0.34, 0.34, 3.77, 0.17, 0.13, 0.47, 4.15, 36.74, 63.8, 2.63, 2.25, 1.4, 4.28, 8.98, 1.27, 0.34, 1.23, 0.76, 0.68]","[82, 91, 99, 46, 22, 67, 65, 49, 8, 18, 19, 38, 59, 69, 49, 26, 72, 81, 71]"
202,Dango Ouattara,"[0.23, 0.29, 2.52, 0.26, 0.18, 0.47, 3.45, 25.11, 61.3, 2.0, 3.32, 1.9, 4.78, 7.68, 2.23, 1.03, 1.42, 1.61, 2.16]","[51, 78, 74, 73, 45, 64, 43, 5, 3, 5, 59, 67, 74, 49, 92, 92, 84, 99, 99]"
203,Dango Ouattara,"[0.23, 0.29, 2.52, 0.26, 0.18, 0.47, 3.45, 25.11, 61.3, 2.0, 3.32, 1.9, 4.78, 7.68, 2.23, 1.03, 1.42, 1.61, 2.16]","[51, 78, 74, 73, 45, 64, 43, 5, 3, 5, 59, 67, 74, 49, 92, 92, 84, 99, 99]"
204,Remi Oudin,"[0.2, 0.14, 2.59, 0.0, 0.16, 0.29, 4.16, 40.61, 62.4, 4.29, 1.64, 0.68, 2.18, 3.68, 1.7, 1.98, 1.09, 1.57, 0.75]","[46, 14, 79, 1, 32, 17, 65, 65, 3, 67, 8, 9, 9, 1, 72, 99, 58, 99, 75]"
205,Adam Ounas,"[0.08, 0.2, 2.25, 0.08, 0.23, 0.43, 4.84, 48.88, 71.0, 5.84, 4.84, 3.25, 3.17, 10.51, 1.67, 0.67, 1.33, 0.42, 0.5]","[9, 47, 58, 16, 67, 58, 85, 85, 27, 91, 90, 97, 32, 88, 71, 73, 79, 50, 51]"
206,Adam Ounas,"[0.08, 0.2, 2.25, 0.08, 0.23, 0.43, 4.84, 48.88, 71.0, 5.84, 4.84, 3.25, 3.17, 10.51, 1.67, 0.67, 1.33, 0.42, 0.5]","[9, 47, 58, 16, 67, 58, 85, 85, 27, 91, 90, 97, 32, 88, 71, 73, 79, 50, 51]"
207,Isaac Palazón Camacho,"[0.24, 0.16, 2.76, 0.15, 0.16, 0.32, 3.89, 41.77, 71.1, 3.86, 1.49, 1.52, 1.97, 5.49, 1.37, 0.52, 1.27, 0.91, 0.91]","[58, 27, 82, 37, 32, 26, 57, 71, 27, 55, 6, 47, 5, 18, 54, 56, 75, 88, 83]"
208,Lucas Paquetá,"[0.12, 0.15, 2.22, 0.12, 0.11, 0.26, 3.43, 49.99, 79.3, 6.04, 1.09, 1.32, 2.22, 2.84, 2.96, 0.66, 1.68, 1.32, 1.56]","[19, 23, 55, 25, 11, 10, 42, 86, 78, 93, 2, 33, 12, 1, 99, 72, 99, 96, 95]"
209,Lucas Paquetá,"[0.12, 0.15, 2.22, 0.12, 0.11, 0.26, 3.43, 49.99, 79.3, 6.04, 1.09, 1.32, 2.22, 2.84, 2.96, 0.66, 1.68, 1.32, 1.56]","[19, 23, 55, 25, 11, 10, 42, 86, 78, 93, 2, 33, 12, 1, 99, 72, 99, 96, 95]"
210,Kevin Paredes,"[0.17, 0.03, 0.68, 0.51, 0.29, 0.32, 4.25, 35.9, 75.4, 4.93, 4.08, 0.68, 2.55, 6.81, 2.21, 1.02, 1.19, 1.36, 0.51]","[34, 1, 1, 99, 86, 27, 71, 46, 54, 81, 81, 9, 19, 35, 92, 91, 69, 96, 52]"
211,Mario Pašalić,"[0.25, 0.29, 1.63, 0.1, 0.11, 0.4, 2.59, 35.87, 80.4, 4.17, 1.22, 0.41, 2.9, 4.22, 1.12, 1.07, 1.12, 0.66, 1.88]","[64, 79, 21, 21, 14, 54, 10, 46, 84, 64, 4, 1, 28, 4, 38, 95, 59, 72, 97]"
212,Dimitri Payet,"[0.3, 0.24, 2.86, 0.3, 0.35, 0.58, 5.43, 57.04, 74.7, 7.89, 2.37, 1.88, 4.05, 9.67, 0.69, 0.1, 0.39, 0.39, 0.49]","[72, 60, 83, 85, 94, 86, 94, 95, 50, 97, 23, 65, 51, 78, 9, 2, 3, 45, 51]"
213,Pedro,"[0.25, 0.19, 2.07, 0.12, 0.14, 0.33, 2.4, 45.02, 81.3, 2.4, 3.35, 1.53, 3.85, 7.16, 1.66, 0.29, 0.79, 0.17, 0.04]","[60, 41, 46, 26, 29, 28, 7, 76, 88, 13, 59, 49, 46, 42, 69, 21, 32, 12, 1]"
214,Lorenzo Pellegrini,"[0.1, 0.23, 2.28, 0.22, 0.23, 0.47, 4.37, 38.11, 72.0, 3.47, 1.89, 1.09, 2.21, 4.18, 1.77, 0.83, 0.8, 0.92, 0.46]","[13, 59, 59, 62, 67, 63, 74, 56, 31, 45, 12, 25, 12, 3, 79, 86, 33, 90, 47]"
215,Nicolas Pépé,"[0.18, 0.35, 2.77, 0.0, 0.15, 0.5, 3.31, 40.64, 80.7, 3.19, 2.77, 2.05, 5.36, 9.03, 1.51, 0.18, 1.02, 0.06, 0.42]","[37, 91, 82, 1, 32, 72, 36, 65, 87, 37, 39, 76, 84, 69, 60, 7, 50, 3, 40]"
216,Andreas Pereira,"[0.1, 0.22, 2.04, 0.2, 0.17, 0.39, 3.95, 35.71, 65.6, 4.05, 1.77, 0.57, 2.21, 4.45, 0.6, 0.2, 0.7, 0.27, 0.3]","[14, 54, 43, 58, 43, 49, 60, 44, 11, 62, 10, 6, 11, 6, 5, 12, 21, 26, 24]"
217,Mathias Pereira Lage,"[0.14, 0.1, 1.5, 0.07, 0.11, 0.21, 1.99, 27.56, 66.4, 2.14, 1.42, 0.64, 2.92, 6.98, 1.42, 1.0, 0.71, 0.85, 1.5]","[26, 4, 17, 10, 15, 4, 2, 11, 13, 8, 6, 7, 29, 40, 58, 91, 22, 86, 94]"
218,Ayoze Pérez,"[0.19, 0.3, 2.24, 0.1, 0.17, 0.47, 3.14, 27.68, 75.7, 3.0, 3.24, 2.38, 4.91, 7.29, 2.05, 0.71, 1.38, 0.43, 0.48]","[41, 82, 56, 19, 42, 64, 28, 11, 55, 31, 54, 84, 76, 45, 88, 76, 81, 52, 50]"
219,Ayoze Pérez,"[0.19, 0.3, 2.24, 0.1, 0.17, 0.47, 3.14, 27.68, 75.7, 3.0, 3.24, 2.38, 4.91, 7.29, 2.05, 0.71, 1.38, 0.43, 0.48]","[41, 82, 56, 19, 42, 64, 28, 11, 55, 31, 54, 84, 76, 45, 88, 76, 81, 52, 50]"
220,Gaëtan Perrin,"[0.13, 0.14, 1.68, 0.06, 0.12, 0.27, 3.75, 28.08, 72.6, 4.46, 3.56, 3.82, 2.39, 5.24, 1.1, 0.65, 0.97, 0.58, 0.91]","[21, 17, 26, 9, 20, 11, 53, 12, 33, 70, 65, 99, 14, 15, 35, 71, 48, 66, 82]"
221,Yeremi Pino,"[0.15, 0.29, 1.84, 0.22, 0.21, 0.5, 3.2, 31.08, 77.0, 2.28, 2.39, 1.77, 5.48, 9.42, 2.28, 0.55, 1.51, 1.32, 0.88]","[27, 81, 37, 63, 56, 72, 31, 23, 62, 10, 23, 59, 85, 76, 94, 62, 90, 96, 81]"
222,Marko Pjaca,"[0.0, 0.12, 2.57, 0.0, 0.07, 0.19, 4.63, 42.17, 79.3, 3.09, 3.77, 3.94, 2.91, 5.66, 0.69, 0.51, 0.51, 0.51, 1.2]","[1, 9, 79, 1, 3, 1, 78, 72, 78, 35, 74, 99, 29, 21, 9, 55, 5, 61, 91]"
223,Óscar Plano,"[0.04, 0.12, 1.32, 0.04, 0.07, 0.19, 2.47, 28.26, 73.1, 3.22, 1.32, 0.57, 2.03, 4.2, 1.77, 1.28, 1.15, 1.02, 1.5]","[3, 10, 11, 7, 3, 2, 8, 12, 35, 38, 5, 7, 7, 3, 78, 98, 64, 92, 95]"
224,Gonzalo Plata,"[0.04, 0.14, 1.45, 0.2, 0.12, 0.27, 3.64, 30.57, 74.4, 2.11, 3.79, 2.58, 3.99, 8.33, 2.58, 0.47, 1.56, 0.39, 0.66]","[3, 19, 13, 56, 20, 12, 49, 21, 46, 8, 75, 89, 51, 61, 99, 51, 92, 44, 68]"
225,Alassane Pléa,"[0.05, 0.17, 1.37, 0.46, 0.2, 0.38, 3.4, 38.71, 69.3, 4.77, 2.08, 0.81, 2.89, 7.91, 0.81, 0.61, 1.17, 0.71, 0.71]","[4, 33, 12, 98, 54, 44, 41, 59, 21, 77, 15, 13, 27, 53, 15, 68, 67, 77, 72]"
226,Daniel Podence,"[0.3, 0.2, 2.19, 0.0, 0.13, 0.33, 3.51, 33.69, 67.1, 4.83, 2.19, 1.22, 3.56, 7.52, 1.37, 0.36, 0.97, 0.3, 0.3]","[74, 46, 51, 1, 21, 27, 44, 36, 16, 78, 17, 28, 40, 47, 56, 30, 48, 29, 26]"
227,Matteo Politano,"[0.06, 0.13, 2.41, 0.23, 0.25, 0.37, 5.28, 47.32, 72.0, 5.56, 6.25, 1.55, 4.24, 10.61, 1.55, 0.46, 0.52, 0.75, 0.34]","[5, 13, 67, 67, 76, 42, 92, 82, 31, 90, 97, 51, 59, 89, 64, 46, 5, 79, 32]"
228,Javi Puado,"[0.27, 0.3, 2.19, 0.08, 0.1, 0.4, 2.19, 22.69, 76.3, 2.23, 2.31, 0.88, 3.5, 4.5, 0.77, 0.38, 0.46, 0.54, 0.81]","[67, 84, 53, 14, 8, 53, 4, 2, 58, 9, 22, 15, 39, 7, 13, 35, 4, 62, 78]"
229,Christian Pulisic,"[0.1, 0.18, 1.93, 0.19, 0.15, 0.34, 3.08, 34.88, 79.6, 3.08, 3.95, 1.35, 5.01, 8.38, 1.25, 0.58, 0.96, 0.39, 0.77]","[13, 39, 40, 54, 32, 29, 24, 40, 78, 34, 77, 35, 78, 61, 47, 64, 47, 42, 76]"
230,Nemanja Radonjić,"[0.12, 0.31, 3.2, 0.12, 0.1, 0.41, 3.02, 29.14, 63.0, 2.59, 5.3, 3.08, 5.54, 10.04, 0.12, 0.12, 0.18, 0.25, 0.43]","[20, 86, 90, 25, 11, 55, 23, 16, 6, 17, 94, 95, 87, 81, 1, 3, 1, 21, 42]"
231,Raphinha,"[0.29, 0.36, 3.46, 0.32, 0.39, 0.75, 4.82, 54.03, 71.7, 4.6, 4.0, 1.82, 5.25, 13.77, 1.5, 0.71, 1.43, 0.5, 0.54]","[70, 92, 95, 87, 97, 98, 85, 90, 28, 72, 78, 62, 82, 97, 60, 75, 85, 59, 55]"
232,Elba Rashani,"[0.12, 0.2, 1.46, 0.12, 0.15, 0.35, 1.91, 30.35, 74.5, 2.25, 2.29, 0.92, 3.87, 7.16, 1.62, 0.87, 1.12, 0.79, 0.67]","[21, 46, 14, 27, 31, 33, 1, 20, 48, 9, 21, 16, 47, 43, 67, 88, 60, 84, 69]"
233,Marcus Rashford,"[0.6, 0.54, 3.67, 0.16, 0.11, 0.65, 3.14, 26.71, 77.2, 2.75, 2.88, 1.78, 6.23, 7.99, 0.68, 0.18, 1.05, 0.39, 0.63]","[99, 99, 98, 41, 15, 92, 27, 10, 64, 23, 44, 62, 92, 56, 9, 8, 52, 45, 65]"
234,Rafael Ratão,"[0.24, 0.25, 1.51, 0.19, 0.2, 0.45, 2.82, 38.9, 73.8, 4.04, 2.97, 1.85, 3.5, 10.5, 2.53, 1.02, 1.65, 0.34, 0.49]","[59, 66, 18, 55, 53, 59, 13, 59, 39, 60, 46, 64, 39, 87, 99, 92, 97, 35, 51]"
235,Ante Rebić,"[0.22, 0.31, 2.42, 0.15, 0.18, 0.49, 3.44, 31.49, 57.2, 3.3, 1.98, 1.32, 5.05, 8.71, 1.24, 0.15, 0.59, 0.37, 1.1]","[49, 88, 68, 35, 46, 72, 42, 24, 1, 40, 12, 33, 80, 65, 46, 4, 12, 38, 90]"
236,Bobby Reid,"[0.15, 0.14, 1.13, 0.04, 0.06, 0.2, 1.96, 32.98, 70.1, 2.29, 1.67, 0.65, 2.8, 6.76, 1.53, 0.73, 0.91, 1.02, 0.44]","[26, 16, 5, 5, 2, 3, 2, 32, 24, 10, 8, 8, 23, 33, 61, 77, 44, 92, 44]"
237,Gio Reyna,"[0.54, 0.33, 2.41, 0.36, 0.21, 0.54, 4.02, 43.21, 78.5, 3.48, 2.77, 1.16, 5.27, 7.23, 1.52, 0.54, 0.89, 0.63, 1.16]","[96, 89, 67, 93, 60, 77, 62, 73, 74, 45, 39, 27, 83, 44, 60, 60, 42, 69, 91]"
238,Richarlison,"[0.2, 0.29, 2.42, 0.2, 0.2, 0.48, 3.14, 25.4, 70.4, 2.62, 2.75, 0.98, 5.69, 6.87, 1.57, 0.46, 1.18, 0.65, 1.44]","[43, 82, 68, 56, 53, 71, 27, 6, 26, 17, 37, 18, 88, 36, 65, 46, 68, 71, 94]"
239,Marco Richter,"[0.29, 0.18, 2.4, 0.25, 0.14, 0.32, 2.84, 36.62, 61.7, 3.33, 1.86, 1.76, 2.16, 5.0, 2.11, 1.18, 1.42, 1.23, 0.59]","[72, 37, 66, 71, 30, 27, 14, 48, 3, 40, 12, 59, 9, 14, 90, 97, 84, 96, 62]"
240,Rodrigo,"[0.09, 0.1, 0.94, 0.22, 0.12, 0.22, 3.23, 48.41, 85.5, 5.65, 3.1, 2.02, 2.74, 6.01, 1.03, 0.72, 0.67, 0.13, 0.09]","[13, 3, 2, 64, 19, 5, 32, 85, 97, 90, 51, 75, 21, 26, 28, 77, 19, 10, 6]"
241,Rodrygo,"[0.31, 0.45, 3.38, 0.28, 0.24, 0.69, 4.64, 39.85, 86.9, 2.87, 5.18, 2.67, 7.18, 9.85, 0.68, 0.48, 1.01, 0.31, 0.53]","[76, 96, 94, 81, 72, 95, 79, 61, 99, 26, 92, 90, 98, 79, 8, 52, 50, 31, 54]"
242,Alexis Saelemaekers,"[0.2, 0.15, 2.08, 0.15, 0.23, 0.38, 3.81, 38.66, 76.0, 3.09, 3.3, 2.23, 2.94, 8.57, 1.93, 1.17, 0.81, 0.91, 0.76]","[44, 23, 46, 38, 66, 44, 55, 58, 56, 35, 56, 82, 29, 64, 86, 97, 35, 89, 75]"
243,Allan Saint-Maximin,"[0.08, 0.13, 2.25, 0.4, 0.37, 0.5, 5.22, 35.92, 70.7, 5.54, 7.47, 4.58, 6.19, 8.92, 0.8, 0.4, 0.32, 0.16, 0.16]","[9, 13, 57, 96, 96, 72, 91, 46, 26, 88, 99, 99, 92, 68, 14, 38, 1, 12, 10]"
244,Bukayo Saka,"[0.33, 0.26, 2.46, 0.28, 0.25, 0.5, 4.59, 40.41, 74.5, 3.19, 5.04, 1.96, 6.75, 14.61, 1.71, 0.4, 1.05, 0.5, 0.45]","[79, 69, 71, 77, 74, 73, 77, 65, 48, 36, 90, 71, 95, 98, 72, 38, 53, 59, 46]"
245,Mohamed Salah,"[0.55, 0.5, 3.29, 0.32, 0.24, 0.74, 3.75, 32.38, 77.0, 4.0, 3.31, 1.36, 8.05, 11.68, 0.55, 0.18, 0.55, 0.12, 0.21]","[97, 99, 91, 87, 69, 97, 52, 28, 62, 59, 57, 35, 99, 93, 4, 8, 10, 7, 13]"
246,Roland Sallai,"[0.08, 0.22, 2.74, 0.24, 0.1, 0.32, 3.14, 31.48, 68.5, 1.61, 2.01, 1.13, 3.78, 6.76, 1.29, 0.16, 0.56, 0.97, 1.85]","[9, 55, 81, 71, 11, 27, 26, 24, 18, 2, 13, 26, 44, 33, 50, 5, 11, 90, 97]"
247,Salvi,"[0.0, 0.15, 1.65, 0.0, 0.13, 0.26, 3.49, 38.2, 57.2, 2.39, 4.96, 0.55, 3.31, 9.37, 2.39, 0.37, 0.0, 0.37, 0.73]","[1, 22, 23, 1, 22, 10, 43, 56, 1, 13, 90, 6, 35, 76, 99, 33, 1, 38, 75]"
248,Samuel,"[0.19, 0.24, 2.99, 0.03, 0.07, 0.31, 3.09, 36.26, 75.5, 2.9, 4.49, 1.65, 5.05, 8.11, 2.06, 0.56, 1.06, 0.5, 0.53]","[41, 62, 86, 3, 3, 21, 24, 47, 54, 28, 85, 56, 79, 57, 89, 63, 54, 58, 52]"
249,Iván Sánchez,"[0.08, 0.06, 1.33, 0.08, 0.12, 0.19, 3.28, 37.44, 79.4, 5.07, 4.52, 2.81, 2.03, 4.76, 1.56, 0.62, 1.09, 0.31, 0.16]","[8, 1, 12, 14, 20, 1, 35, 51, 78, 82, 85, 91, 6, 12, 65, 68, 58, 31, 9]"
250,Jadon Sancho,"[0.29, 0.21, 1.28, 0.12, 0.26, 0.48, 4.66, 41.1, 83.9, 4.04, 4.62, 1.86, 6.02, 9.2, 0.99, 0.41, 1.4, 0.25, 0.17]","[71, 53, 7, 26, 79, 69, 80, 69, 95, 61, 87, 65, 92, 74, 26, 41, 83, 21, 10]"
251,Leroy Sané,"[0.42, 0.39, 3.37, 0.28, 0.22, 0.61, 4.43, 46.93, 82.0, 5.87, 3.72, 2.99, 4.5, 8.64, 1.69, 0.32, 0.53, 0.04, 0.25]","[93, 94, 93, 80, 64, 90, 75, 80, 90, 92, 74, 94, 67, 65, 71, 22, 6, 1, 17]"
252,Riccardo Saponara,"[0.3, 0.21, 2.76, 0.22, 0.25, 0.46, 3.65, 34.05, 72.0, 4.17, 4.17, 1.34, 4.54, 9.31, 0.75, 0.37, 0.52, 0.67, 0.6]","[73, 51, 81, 64, 78, 63, 50, 37, 31, 65, 83, 34, 68, 75, 12, 34, 6, 73, 63]"
253,Pablo Sarabia,"[0.07, 0.33, 2.13, 0.0, 0.16, 0.49, 3.82, 42.43, 72.0, 4.33, 1.98, 0.29, 2.94, 6.97, 1.32, 0.29, 0.81, 0.29, 0.29]","[8, 89, 49, 1, 35, 72, 55, 72, 31, 67, 12, 1, 29, 40, 51, 21, 34, 29, 23]"
254,Pablo Sarabia,"[0.07, 0.33, 2.13, 0.0, 0.16, 0.49, 3.82, 42.43, 72.0, 4.33, 1.98, 0.29, 2.94, 6.97, 1.32, 0.29, 0.81, 0.29, 0.29]","[8, 89, 49, 1, 35, 72, 55, 72, 31, 67, 12, 1, 29, 40, 51, 21, 34, 29, 23]"
255,Muhammed Saracevic Cham,"[0.23, 0.2, 2.33, 0.18, 0.14, 0.34, 3.11, 47.47, 78.3, 4.85, 3.25, 1.42, 2.79, 5.49, 1.37, 0.32, 0.59, 0.23, 0.27]","[52, 49, 64, 49, 30, 31, 26, 83, 73, 79, 54, 41, 22, 16, 56, 23, 13, 18, 20]"
256,Téji Savanier,"[0.21, 0.13, 2.05, 0.14, 0.21, 0.34, 4.6, 59.92, 69.9, 7.25, 1.7, 2.55, 1.2, 4.14, 1.63, 1.06, 1.06, 0.42, 0.42]","[48, 14, 44, 33, 54, 30, 78, 97, 23, 96, 10, 88, 1, 2, 68, 93, 54, 51, 40]"
257,Gustavo Scarpa,"[0.09, 0.2, 3.76, 0.4, 0.4, 0.6, 6.69, 50.94, 64.6, 5.67, 2.79, 0.71, 2.39, 9.61, 0.8, 0.62, 0.53, 0.58, 0.89]","[15, 54, 99, 96, 98, 94, 99, 90, 8, 85, 49, 13, 19, 85, 17, 66, 10, 57, 75]"
258,Kevin Schade,"[0.17, 0.2, 1.47, 0.09, 0.11, 0.32, 2.77, 23.47, 56.8, 1.91, 3.29, 1.47, 5.54, 7.88, 1.65, 0.35, 0.69, 0.87, 4.42]","[35, 47, 15, 16, 15, 27, 12, 2, 1, 5, 55, 44, 87, 53, 68, 28, 20, 86, 99]"
259,Kevin Schade,"[0.17, 0.2, 1.47, 0.09, 0.11, 0.32, 2.77, 23.47, 56.8, 1.91, 3.29, 1.47, 5.54, 7.88, 1.65, 0.35, 0.69, 0.87, 4.42]","[35, 47, 15, 16, 15, 27, 12, 2, 1, 5, 55, 44, 87, 53, 68, 28, 20, 86, 99]"
260,Demba Seck,"[0.0, 0.1, 1.73, 0.0, 0.1, 0.21, 2.43, 28.79, 76.5, 2.95, 5.03, 2.77, 4.68, 7.28, 0.87, 0.17, 0.52, 0.17, 1.21]","[1, 5, 32, 1, 11, 3, 8, 15, 58, 29, 90, 91, 72, 45, 19, 6, 6, 12, 91]"
261,Stephan El Shaarawy,"[0.4, 0.34, 2.55, 0.09, 0.11, 0.44, 3.92, 47.86, 79.6, 3.78, 3.7, 1.89, 4.18, 7.96, 1.36, 0.7, 0.57, 0.57, 1.06]","[86, 91, 78, 17, 11, 59, 59, 84, 78, 53, 72, 65, 58, 55, 54, 74, 12, 66, 89]"
262,Moses Simon,"[0.13, 0.12, 1.22, 0.13, 0.12, 0.25, 3.15, 28.42, 64.3, 2.33, 5.29, 1.35, 4.11, 8.18, 0.66, 0.36, 0.59, 0.1, 0.39]","[22, 11, 6, 29, 21, 10, 29, 13, 10, 12, 93, 34, 55, 59, 7, 32, 12, 4, 38]"
263,Luis Sinisterra,"[0.52, 0.38, 2.91, 0.0, 0.04, 0.44, 3.43, 35.19, 80.5, 4.05, 3.11, 1.97, 3.32, 8.72, 2.18, 0.83, 1.14, 0.21, 1.87]","[96, 94, 83, 1, 1, 58, 42, 41, 85, 62, 52, 72, 35, 65, 91, 86, 63, 14, 97]"
264,Tim Skarke,"[0.17, 0.14, 2.75, 0.17, 0.15, 0.29, 3.44, 33.66, 64.8, 2.4, 1.37, 0.52, 2.75, 6.7, 2.58, 0.0, 1.2, 0.69, 0.69]","[34, 14, 81, 46, 32, 17, 42, 36, 10, 14, 6, 5, 22, 33, 99, 1, 70, 73, 71]"
265,Tim Skarke,"[0.17, 0.14, 2.75, 0.17, 0.15, 0.29, 3.44, 33.66, 64.8, 2.4, 1.37, 0.52, 2.75, 6.7, 2.58, 0.0, 1.2, 0.69, 0.69]","[34, 14, 81, 46, 32, 17, 42, 36, 10, 14, 6, 5, 22, 33, 99, 1, 70, 73, 71]"
266,Ola Solbakken,"[0.11, 0.11, 1.48, 0.32, 0.25, 0.36, 3.07, 33.99, 69.5, 2.96, 2.65, 0.74, 3.49, 9.21, 0.64, 0.21, 0.32, 1.27, 0.53]","[17, 5, 16, 86, 78, 37, 24, 37, 22, 29, 31, 10, 39, 75, 6, 13, 1, 96, 52]"
267,Manor Solomon,"[0.63, 0.19, 1.73, 0.0, 0.06, 0.25, 1.73, 32.57, 84.5, 3.78, 2.52, 2.99, 1.73, 8.02, 3.15, 0.79, 1.26, 0.47, 0.47]","[99, 44, 32, 1, 2, 9, 1, 30, 96, 53, 27, 94, 4, 56, 99, 82, 74, 56, 50]"
268,Roberto Soriano,"[0.07, 0.04, 0.88, 0.2, 0.17, 0.21, 3.05, 41.06, 80.3, 3.8, 2.04, 0.41, 1.83, 4.48, 2.1, 0.41, 1.56, 0.95, 0.75]","[6, 1, 1, 58, 42, 3, 24, 69, 83, 53, 14, 1, 4, 6, 90, 40, 91, 90, 75]"
269,Florian Sotoca,"[0.18, 0.24, 2.53, 0.27, 0.24, 0.48, 3.98, 45.27, 76.3, 5.48, 1.56, 0.47, 4.13, 8.9, 1.15, 0.85, 1.21, 1.5, 1.65]","[36, 61, 77, 74, 71, 69, 61, 77, 58, 86, 7, 4, 56, 68, 40, 87, 70, 99, 95]"
270,Riccardo Sottil,"[0.0, 0.11, 2.27, 0.22, 0.12, 0.24, 4.32, 28.74, 78.6, 2.92, 7.02, 1.4, 5.62, 13.29, 0.43, 0.0, 0.22, 0.0, 0.32]","[1, 6, 58, 62, 17, 8, 72, 15, 74, 28, 99, 40, 87, 96, 1, 1, 1, 1, 29]"
271,Raheem Sterling,"[0.32, 0.26, 1.79, 0.14, 0.19, 0.45, 3.14, 34.06, 75.9, 3.39, 3.71, 1.54, 5.53, 9.1, 0.93, 0.07, 0.71, 0.25, 0.29]","[78, 71, 34, 34, 46, 61, 26, 38, 55, 41, 72, 51, 87, 71, 22, 1, 23, 23, 22]"
272,Lars Stindl,"[0.42, 0.26, 2.6, 0.36, 0.32, 0.58, 4.2, 40.28, 80.4, 4.0, 1.14, 0.42, 2.44, 4.62, 1.25, 0.57, 1.25, 0.99, 0.47]","[92, 70, 79, 94, 90, 85, 69, 64, 84, 59, 3, 2, 17, 10, 46, 64, 74, 91, 49]"
273,Gabriel Strefezza,"[0.22, 0.14, 2.51, 0.15, 0.16, 0.3, 3.72, 32.65, 62.4, 3.94, 2.65, 1.33, 2.51, 6.52, 1.84, 0.59, 1.33, 0.55, 0.59]","[49, 18, 73, 36, 33, 20, 50, 31, 3, 56, 31, 33, 18, 31, 82, 65, 79, 64, 62]"
274,Kamaldeen Sulemana,"[0.18, 0.2, 2.62, 0.18, 0.12, 0.32, 3.53, 28.58, 74.6, 3.47, 3.35, 3.47, 4.51, 8.96, 1.52, 0.79, 1.16, 0.55, 0.73]","[38, 48, 80, 49, 20, 27, 45, 15, 50, 45, 59, 99, 67, 68, 60, 82, 65, 63, 74]"
275,Kamaldeen Sulemana,"[0.18, 0.2, 2.62, 0.18, 0.12, 0.32, 3.53, 28.58, 74.6, 3.47, 3.35, 3.47, 4.51, 8.96, 1.52, 0.79, 1.16, 0.55, 0.73]","[38, 48, 80, 49, 20, 27, 45, 15, 50, 45, 59, 99, 67, 68, 60, 82, 65, 63, 74]"
276,Crysencio Summerville,"[0.25, 0.18, 1.83, 0.13, 0.1, 0.28, 3.09, 25.94, 74.9, 2.84, 3.22, 1.51, 4.42, 5.81, 1.89, 0.82, 1.26, 0.69, 0.32]","[63, 38, 36, 28, 8, 15, 25, 7, 51, 24, 54, 46, 63, 23, 85, 85, 74, 74, 28]"
277,Suso,"[0.17, 0.11, 2.5, 0.23, 0.2, 0.31, 4.99, 48.32, 77.9, 6.81, 2.61, 1.98, 1.93, 8.51, 1.64, 0.23, 0.57, 0.23, 0.4]","[34, 6, 73, 65, 53, 23, 87, 84, 71, 94, 29, 73, 5, 63, 68, 14, 11, 17, 38]"
278,Dominik Szoboszlai,"[0.17, 0.2, 2.12, 0.29, 0.28, 0.48, 5.09, 55.59, 80.0, 5.49, 2.62, 1.69, 1.92, 5.93, 1.54, 0.52, 1.48, 0.9, 0.35]","[35, 47, 48, 85, 84, 71, 91, 95, 80, 87, 30, 58, 5, 25, 63, 57, 89, 87, 33]"
279,Marcus Tavernier,"[0.26, 0.16, 1.91, 0.21, 0.15, 0.31, 2.48, 37.38, 70.4, 2.89, 3.46, 2.32, 3.05, 7.07, 1.7, 0.46, 1.29, 1.19, 0.88]","[65, 27, 40, 60, 31, 24, 9, 50, 26, 27, 63, 84, 31, 41, 72, 49, 76, 96, 81]"
280,Tetê,"[0.34, 0.29, 2.2, 0.1, 0.08, 0.38, 2.84, 37.01, 74.5, 3.81, 3.47, 2.0, 4.4, 9.04, 1.71, 0.73, 0.88, 0.24, 0.44]","[83, 80, 54, 19, 5, 46, 14, 49, 48, 54, 64, 74, 61, 70, 75, 79, 41, 21, 45]"
281,Tetê,"[0.34, 0.29, 2.2, 0.1, 0.08, 0.38, 2.84, 37.01, 74.5, 3.81, 3.47, 2.0, 4.4, 9.04, 1.71, 0.73, 0.88, 0.24, 0.44]","[83, 80, 54, 19, 5, 46, 14, 49, 48, 54, 64, 74, 61, 70, 75, 79, 41, 21, 45]"
282,Jan Thielmann,"[0.21, 0.11, 1.35, 0.21, 0.09, 0.2, 3.0, 25.79, 63.5, 1.97, 2.8, 1.97, 3.21, 6.84, 0.93, 0.93, 1.66, 0.73, 1.35]","[47, 8, 12, 60, 7, 2, 20, 6, 6, 5, 40, 72, 32, 35, 22, 90, 98, 78, 92]"
283,Adrien Thomasson,"[0.2, 0.19, 1.54, 0.28, 0.19, 0.37, 3.25, 44.0, 80.2, 3.66, 1.3, 0.81, 3.94, 6.95, 1.75, 0.28, 1.75, 0.77, 0.77]","[45, 42, 19, 83, 51, 43, 33, 74, 83, 51, 5, 13, 49, 38, 77, 20, 99, 82, 76]"
284,Adrien Thomasson,"[0.2, 0.19, 1.54, 0.28, 0.19, 0.37, 3.25, 44.0, 80.2, 3.66, 1.3, 0.81, 3.94, 6.95, 1.75, 0.28, 1.75, 0.77, 0.77]","[45, 42, 19, 83, 51, 43, 33, 74, 83, 51, 5, 13, 49, 38, 77, 20, 99, 82, 76]"
285,Karl Toko Ekambi,"[0.32, 0.34, 2.56, 0.14, 0.17, 0.5, 2.88, 34.49, 77.2, 2.16, 3.35, 1.66, 5.26, 10.34, 0.61, 0.68, 0.65, 0.32, 1.37]","[78, 91, 78, 35, 39, 74, 17, 39, 64, 8, 60, 57, 83, 84, 6, 73, 17, 32, 92]"
286,Karl Toko Ekambi,"[0.32, 0.34, 2.56, 0.14, 0.17, 0.5, 2.88, 34.49, 77.2, 2.16, 3.35, 1.66, 5.26, 10.34, 0.61, 0.68, 0.65, 0.32, 1.37]","[78, 91, 78, 35, 39, 74, 17, 39, 64, 8, 60, 57, 83, 84, 6, 73, 17, 32, 92]"
287,Tiago Tomás,"[0.21, 0.2, 2.37, 0.21, 0.25, 0.45, 2.58, 22.73, 60.4, 1.74, 2.16, 1.32, 3.83, 6.62, 0.7, 0.07, 0.63, 0.35, 0.42]","[47, 49, 65, 60, 78, 61, 9, 2, 1, 4, 17, 33, 45, 33, 9, 1, 16, 35, 40]"
288,Ferrán Torres,"[0.39, 0.31, 2.52, 0.17, 0.25, 0.55, 3.36, 37.31, 76.6, 2.68, 2.63, 1.96, 5.71, 11.35, 0.9, 0.17, 0.62, 0.34, 0.67]","[85, 85, 75, 45, 75, 79, 38, 50, 59, 21, 31, 72, 88, 92, 21, 6, 15, 33, 69]"
289,Óliver Torres,"[0.1, 0.09, 0.82, 0.07, 0.13, 0.23, 3.34, 46.86, 77.4, 6.04, 1.77, 0.75, 2.29, 7.0, 1.57, 0.38, 1.19, 0.38, 0.31]","[16, 2, 1, 10, 25, 7, 37, 79, 67, 93, 11, 10, 13, 41, 65, 34, 69, 39, 26]"
290,Adama Traoré,"[0.12, 0.08, 1.14, 0.06, 0.22, 0.31, 2.65, 29.72, 65.8, 2.17, 5.11, 2.95, 3.37, 9.39, 0.84, 0.18, 0.48, 1.02, 2.35]","[19, 1, 6, 9, 65, 23, 11, 17, 12, 8, 91, 93, 35, 76, 17, 7, 4, 93, 99]"
291,Óscar Trejo,"[0.08, 0.08, 0.97, 0.17, 0.14, 0.21, 4.32, 42.17, 80.7, 5.16, 2.35, 2.39, 3.02, 4.62, 2.01, 0.34, 1.3, 0.34, 0.46]","[10, 1, 3, 45, 28, 5, 72, 72, 87, 83, 23, 85, 31, 10, 88, 26, 77, 34, 47]"
292,Leandro Trossard,"[0.31, 0.25, 2.17, 0.47, 0.28, 0.53, 3.41, 39.13, 73.8, 4.92, 2.99, 1.12, 5.31, 8.69, 0.85, 0.47, 1.4, 0.16, 0.31]","[76, 66, 50, 99, 82, 76, 41, 60, 39, 81, 47, 26, 83, 65, 17, 49, 82, 12, 27]"
293,Leandro Trossard,"[0.31, 0.25, 2.17, 0.47, 0.28, 0.53, 3.41, 39.13, 73.8, 4.92, 2.99, 1.12, 5.31, 8.69, 0.85, 0.47, 1.4, 0.16, 0.31]","[76, 66, 50, 99, 82, 76, 41, 60, 39, 81, 47, 26, 83, 65, 17, 49, 82, 12, 27]"
294,Cengiz Ünder,"[0.14, 0.27, 2.57, 0.14, 0.3, 0.57, 4.46, 40.93, 70.9, 4.12, 2.5, 1.39, 4.56, 9.53, 1.35, 0.64, 0.61, 0.44, 0.37]","[24, 74, 79, 31, 87, 83, 77, 68, 26, 64, 27, 36, 68, 77, 53, 71, 13, 52, 36]"
295,Daniele Verde,"[0.18, 0.19, 2.89, 0.0, 0.12, 0.31, 3.97, 39.95, 70.4, 3.79, 1.62, 0.54, 2.71, 5.14, 0.36, 0.72, 0.54, 0.36, 0.0]","[37, 45, 83, 1, 16, 23, 60, 63, 26, 53, 7, 5, 20, 14, 1, 77, 9, 37, 1]"
296,Simone Verdi,"[0.33, 0.15, 2.38, 0.0, 0.17, 0.32, 3.86, 34.0, 65.2, 3.78, 2.79, 2.87, 2.05, 4.68, 1.23, 0.0, 0.66, 0.16, 0.74]","[80, 22, 65, 1, 42, 27, 56, 37, 11, 53, 40, 92, 7, 11, 44, 1, 19, 12, 75]"
297,Gabriel Vidovic,"[0.3, 0.1, 1.63, 0.0, 0.05, 0.16, 3.04, 26.02, 84.3, 2.82, 1.85, 2.15, 3.48, 4.74, 0.74, 0.52, 0.52, 0.15, 0.37]","[78, 12, 26, 1, 2, 1, 35, 18, 98, 31, 17, 75, 52, 9, 13, 54, 10, 7, 31]"
298,Nikola Vlašić,"[0.17, 0.14, 1.75, 0.2, 0.14, 0.28, 3.79, 32.36, 79.0, 3.5, 2.8, 0.99, 3.83, 6.93, 1.06, 0.33, 0.82, 0.46, 0.82]","[33, 17, 33, 56, 26, 14, 54, 28, 75, 46, 41, 18, 45, 37, 32, 23, 37, 55, 79]"
299,Theo Walcott,"[0.16, 0.18, 1.59, 0.16, 0.16, 0.33, 2.23, 20.89, 68.7, 1.12, 1.67, 0.96, 3.51, 4.94, 1.04, 0.72, 0.64, 0.56, 0.72]","[32, 34, 20, 42, 34, 29, 4, 1, 18, 1, 9, 18, 40, 13, 29, 76, 16, 65, 73]"
300,Noah Weißhaupt,"[0.0, 0.03, 0.47, 0.16, 0.16, 0.19, 2.84, 35.78, 68.7, 3.31, 3.47, 1.42, 1.58, 5.67, 2.52, 0.95, 0.79, 1.42, 0.79]","[1, 1, 1, 42, 32, 1, 14, 45, 18, 40, 64, 41, 1, 21, 99, 90, 32, 97, 78]"
301,Nico Williams,"[0.2, 0.17, 2.07, 0.14, 0.22, 0.38, 3.56, 32.23, 66.7, 2.71, 5.9, 2.81, 5.02, 10.88, 1.05, 0.27, 1.36, 0.47, 0.68]","[46, 28, 45, 31, 61, 48, 45, 26, 15, 22, 95, 92, 78, 90, 31, 18, 80, 56, 70]"
302,Willian,"[0.21, 0.14, 1.74, 0.21, 0.19, 0.33, 4.45, 38.61, 78.1, 4.78, 4.11, 1.57, 3.3, 6.43, 0.55, 0.38, 0.55, 0.38, 0.34]","[47, 18, 32, 61, 47, 29, 76, 57, 72, 77, 82, 53, 34, 29, 3, 35, 10, 40, 31]"
303,Harry Wilson,"[0.16, 0.16, 1.47, 0.25, 0.07, 0.24, 2.62, 33.05, 76.7, 3.03, 1.47, 0.98, 3.03, 7.12, 1.72, 0.49, 1.39, 1.15, 0.33]","[32, 27, 15, 71, 4, 8, 10, 32, 59, 32, 6, 18, 31, 41, 76, 53, 82, 95, 29]"
304,Patrick Wimmer,"[0.22, 0.24, 1.69, 0.44, 0.27, 0.51, 3.93, 29.98, 60.8, 3.5, 2.29, 1.42, 3.66, 7.26, 2.13, 0.82, 1.47, 0.82, 1.2]","[49, 63, 27, 96, 81, 75, 59, 17, 2, 46, 21, 41, 42, 44, 91, 84, 88, 84, 91]"
305,Florian Wirtz,"[0.2, 0.12, 0.79, 0.4, 0.29, 0.41, 5.66, 58.61, 77.3, 6.71, 3.28, 3.87, 2.98, 7.85, 1.24, 0.05, 1.34, 0.4, 0.1]","[43, 10, 1, 96, 86, 55, 96, 96, 66, 94, 55, 99, 30, 53, 46, 1, 79, 45, 7]"
306,Yoane Wissa,"[0.39, 0.31, 1.79, 0.17, 0.14, 0.46, 2.02, 19.28, 69.2, 1.51, 1.35, 1.12, 3.47, 5.83, 0.95, 0.34, 0.56, 0.84, 1.35]","[86, 88, 35, 45, 29, 62, 2, 1, 19, 1, 6, 26, 39, 23, 24, 26, 11, 86, 92]"
307,Jeong Woo-yeong,"[0.2, 0.31, 1.89, 0.2, 0.19, 0.5, 3.18, 33.48, 78.3, 2.68, 2.28, 0.99, 3.68, 5.36, 0.89, 0.3, 0.7, 0.7, 0.4]","[43, 86, 39, 57, 49, 72, 29, 35, 73, 21, 20, 19, 42, 16, 20, 22, 20, 75, 38]"
308,Mattia Zaccagni,"[0.26, 0.18, 1.78, 0.2, 0.14, 0.32, 2.98, 35.72, 80.1, 2.89, 4.0, 2.01, 4.06, 9.54, 1.34, 0.7, 1.14, 0.32, 0.47]","[65, 37, 33, 59, 28, 25, 19, 45, 81, 27, 79, 74, 51, 78, 51, 74, 62, 31, 49]"
309,Wilfried Zaha,"[0.28, 0.19, 2.52, 0.08, 0.11, 0.3, 3.58, 25.57, 77.2, 2.95, 3.38, 2.16, 5.63, 9.36, 1.26, 0.63, 0.83, 0.35, 0.24]","[69, 44, 76, 14, 12, 17, 46, 6, 64, 29, 61, 80, 87, 75, 48, 69, 38, 36, 16]"
310,Rodrigo Zalazar,"[0.07, 0.21, 2.59, 0.41, 0.31, 0.51, 4.29, 29.23, 59.0, 2.32, 1.77, 2.38, 2.73, 3.2, 1.09, 0.48, 1.09, 0.89, 1.64]","[6, 52, 79, 96, 88, 75, 71, 17, 1, 11, 10, 84, 20, 1, 35, 52, 58, 87, 95]"
311,Luca Zanimacchia,"[0.0, 0.14, 2.29, 0.0, 0.11, 0.24, 3.98, 37.64, 68.3, 3.14, 2.65, 0.6, 3.98, 8.45, 2.53, 1.09, 1.09, 0.6, 0.36]","[1, 19, 60, 1, 12, 8, 61, 52, 18, 36, 32, 7, 50, 62, 99, 95, 58, 67, 34]"
312,Nicolò Zaniolo,"[0.16, 0.37, 3.6, 0.08, 0.13, 0.5, 3.19, 19.9, 65.4, 2.05, 3.36, 1.23, 5.57, 7.12, 0.66, 0.25, 0.98, 0.0, 0.41]","[32, 93, 97, 14, 22, 72, 29, 1, 11, 6, 60, 31, 87, 41, 6, 15, 49, 1, 40]"
313,Arber Zeneli,"[0.0, 0.19, 2.79, 0.18, 0.28, 0.47, 4.23, 38.7, 70.2, 4.59, 4.05, 1.53, 5.04, 10.62, 0.81, 0.18, 0.72, 0.18, 0.36]","[1, 45, 83, 47, 82, 65, 69, 58, 24, 72, 81, 49, 79, 89, 15, 7, 24, 12, 34]"
314,Edon Zhegrova,"[0.26, 0.31, 3.58, 0.34, 0.39, 0.7, 6.65, 51.48, 76.8, 4.43, 6.31, 4.52, 6.73, 16.53, 1.53, 0.17, 0.77, 0.17, 0.0]","[64, 85, 96, 91, 97, 96, 99, 88, 60, 69, 98, 99, 95, 99, 62, 6, 29, 12, 1]"
315,Hakim Ziyech,"[0.0, 0.13, 3.12, 0.33, 0.28, 0.42, 4.67, 54.29, 65.0, 6.12, 3.45, 2.0, 3.23, 10.57, 2.23, 0.78, 1.56, 0.56, 0.0]","[1, 13, 89, 90, 81, 57, 81, 91, 10, 94, 63, 73, 32, 88, 92, 82, 91, 64, 1]"
316,Simon Zoller,"[0.19, 0.25, 1.85, 0.12, 0.07, 0.32, 1.24, 20.51, 62.7, 1.3, 0.62, 0.12, 3.4, 3.77, 0.68, 0.37, 0.86, 1.3, 0.93]","[39, 67, 38, 25, 3, 27, 1, 1, 5, 1, 1, 1, 37, 1, 9, 33, 40, 96, 83]"
